ISO-10303-21;
HEADER;
/* Generated by software containing ST-Developer
 * from STEP Tools, Inc. (www.steptools.com) 
 */
/* OPTION: using custom schema-name function */

FILE_DESCRIPTION(
/* description */ (''),
/* implementation_level */ '2;1');

FILE_NAME(
/* name */ 'P260_PowerQFN5x6dual.stp',
/* time_stamp */ '2022-04-07T12:26:14+02:00',
/* author */ (''),
/* organization */ (''),
/* preprocessor_version */ 'ST-DEVELOPER v14',
/* originating_system */ 'SIEMENS PLM Software NX 8.0',
/* authorisation */ '');

FILE_SCHEMA (('AUTOMOTIVE_DESIGN { 1 0 10303 214 3 1 1 1 }'));
ENDSEC;

DATA;
#10=SHAPE_REPRESENTATION_RELATIONSHIP('None',
'relationship between P260_PowerQFN5x6dual-body-None and P260_PowerQFN5
x6dual-body-None',#22,#11);
#11=ADVANCED_BREP_SHAPE_REPRESENTATION('P260_PowerQFN5x6dual-body-None',
(#83,#84,#85,#86,#87,#88,#89),#5982);
#12=SHAPE_DEFINITION_REPRESENTATION(#13,#22);
#13=PRODUCT_DEFINITION_SHAPE('','',#14);
#14=PRODUCT_DEFINITION(' ','',#16,#15);
#15=PRODUCT_DEFINITION_CONTEXT('part definition',#21,'design');
#16=PRODUCT_DEFINITION_FORMATION_WITH_SPECIFIED_SOURCE(' ',' ',#18,
 .NOT_KNOWN.);
#17=PRODUCT_RELATED_PRODUCT_CATEGORY('part','',(#18));
#18=PRODUCT('P260_PowerQFN5x6dual-body','P260_PowerQFN5x6dual-body',' ',
(#19));
#19=PRODUCT_CONTEXT(' ',#21,'mechanical');
#20=APPLICATION_PROTOCOL_DEFINITION('international standard',
'automotive_design',2010,#21);
#21=APPLICATION_CONTEXT(
'core data for automotive mechanical design processes');
#22=SHAPE_REPRESENTATION('P260_PowerQFN5x6dual-body-None',(#3813),#5982);
#23=CYLINDRICAL_SURFACE('',#3922,0.03);
#24=CYLINDRICAL_SURFACE('',#3924,0.03);
#25=CYLINDRICAL_SURFACE('',#3926,0.03);
#26=CYLINDRICAL_SURFACE('',#3927,0.03);
#27=ELLIPSE('',#3920,0.0424264068711928,0.03);
#28=ELLIPSE('',#3921,0.0424264068711928,0.03);
#29=ELLIPSE('',#3923,0.0424264068711928,0.03);
#30=ELLIPSE('',#3925,0.0424264068711928,0.03);
#31=PRESENTATION_LAYER_ASSIGNMENT('1','Layer 1',(#83,#84,#85,#86,#87,#88,
#89));
#32=STYLED_ITEM('',(#39),#83);
#33=STYLED_ITEM('',(#40),#84);
#34=STYLED_ITEM('',(#41),#85);
#35=STYLED_ITEM('',(#42),#86);
#36=STYLED_ITEM('',(#43),#87);
#37=STYLED_ITEM('',(#44),#88);
#38=STYLED_ITEM('',(#45),#89);
#39=PRESENTATION_STYLE_ASSIGNMENT((#46));
#40=PRESENTATION_STYLE_ASSIGNMENT((#47));
#41=PRESENTATION_STYLE_ASSIGNMENT((#48));
#42=PRESENTATION_STYLE_ASSIGNMENT((#49));
#43=PRESENTATION_STYLE_ASSIGNMENT((#50));
#44=PRESENTATION_STYLE_ASSIGNMENT((#51));
#45=PRESENTATION_STYLE_ASSIGNMENT((#52));
#46=SURFACE_STYLE_USAGE(.BOTH.,#53);
#47=SURFACE_STYLE_USAGE(.BOTH.,#54);
#48=SURFACE_STYLE_USAGE(.BOTH.,#55);
#49=SURFACE_STYLE_USAGE(.BOTH.,#56);
#50=SURFACE_STYLE_USAGE(.BOTH.,#57);
#51=SURFACE_STYLE_USAGE(.BOTH.,#58);
#52=SURFACE_STYLE_USAGE(.BOTH.,#59);
#53=SURFACE_SIDE_STYLE('',(#60));
#54=SURFACE_SIDE_STYLE('',(#61));
#55=SURFACE_SIDE_STYLE('',(#62));
#56=SURFACE_SIDE_STYLE('',(#63));
#57=SURFACE_SIDE_STYLE('',(#64));
#58=SURFACE_SIDE_STYLE('',(#65));
#59=SURFACE_SIDE_STYLE('',(#66));
#60=SURFACE_STYLE_FILL_AREA(#67);
#61=SURFACE_STYLE_FILL_AREA(#68);
#62=SURFACE_STYLE_FILL_AREA(#69);
#63=SURFACE_STYLE_FILL_AREA(#70);
#64=SURFACE_STYLE_FILL_AREA(#71);
#65=SURFACE_STYLE_FILL_AREA(#72);
#66=SURFACE_STYLE_FILL_AREA(#73);
#67=FILL_AREA_STYLE('',(#74));
#68=FILL_AREA_STYLE('',(#75));
#69=FILL_AREA_STYLE('',(#76));
#70=FILL_AREA_STYLE('',(#77));
#71=FILL_AREA_STYLE('',(#78));
#72=FILL_AREA_STYLE('',(#79));
#73=FILL_AREA_STYLE('',(#80));
#74=FILL_AREA_STYLE_COLOUR('',#81);
#75=FILL_AREA_STYLE_COLOUR('',#81);
#76=FILL_AREA_STYLE_COLOUR('',#81);
#77=FILL_AREA_STYLE_COLOUR('',#81);
#78=FILL_AREA_STYLE_COLOUR('',#81);
#79=FILL_AREA_STYLE_COLOUR('',#81);
#80=FILL_AREA_STYLE_COLOUR('',#82);
#81=COLOUR_RGB('Pale Gray',0.8,0.8,0.8);
#82=COLOUR_RGB('Obscure Gray',0.2,0.2,0.2);
#83=MANIFOLD_SOLID_BREP('',#90);
#84=MANIFOLD_SOLID_BREP('',#91);
#85=MANIFOLD_SOLID_BREP('',#92);
#86=MANIFOLD_SOLID_BREP('',#93);
#87=MANIFOLD_SOLID_BREP('',#94);
#88=MANIFOLD_SOLID_BREP('',#95);
#89=MANIFOLD_SOLID_BREP('',#96);
#90=CLOSED_SHELL('',(#97,#98,#99,#100,#101,#102,#103,#104,#105,#106,#107,
#108,#109,#110,#111,#112,#113,#114,#115,#116,#117,#118,#119,#120,#121,#122,
#123,#124));
#91=CLOSED_SHELL('',(#125,#126,#127,#128,#129,#130,#131,#132,#133,#134,#135,
#136,#137,#138,#139,#140,#141,#142,#143,#144,#145,#146,#147,#148,#149,#150,
#151,#152));
#92=CLOSED_SHELL('',(#153,#154,#155,#156,#157,#158,#159,#160,#161,#162));
#93=CLOSED_SHELL('',(#163,#164,#165,#166,#167,#168,#169,#170,#171,#172));
#94=CLOSED_SHELL('',(#173,#174,#175,#176,#177,#178,#179,#180,#181,#182));
#95=CLOSED_SHELL('',(#183,#184,#185,#186,#187,#188,#189,#190,#191,#192));
#96=CLOSED_SHELL('',(#193,#194,#195,#196,#197,#198,#199,#200,#201,#202,#203,
#204,#205,#206,#207,#208,#209,#210,#211,#212,#213,#214,#215,#216,#217,#218,
#219,#220,#221,#222,#223,#224,#225,#226,#227,#228,#229,#230,#231,#232,#233,
#234,#235,#236,#237,#238,#239,#240,#241,#242,#243,#244,#245,#246,#247,#248,
#249,#250,#251,#252,#253,#254,#255,#256,#257,#258,#259,#260,#261,#262,#263,
#264,#265,#266,#267,#268,#269,#270,#271,#272,#273,#274,#275,#276,#277,#278,
#279,#280,#281,#282,#283,#284,#285,#286));
#97=ADVANCED_FACE('',(#473),#287,.F.);
#98=ADVANCED_FACE('',(#474),#288,.F.);
#99=ADVANCED_FACE('',(#475),#289,.F.);
#100=ADVANCED_FACE('',(#476),#290,.F.);
#101=ADVANCED_FACE('',(#477),#291,.F.);
#102=ADVANCED_FACE('',(#478),#292,.F.);
#103=ADVANCED_FACE('',(#479),#293,.F.);
#104=ADVANCED_FACE('',(#480),#294,.F.);
#105=ADVANCED_FACE('',(#481),#295,.F.);
#106=ADVANCED_FACE('',(#482),#296,.F.);
#107=ADVANCED_FACE('',(#483),#297,.F.);
#108=ADVANCED_FACE('',(#484),#298,.F.);
#109=ADVANCED_FACE('',(#485),#299,.F.);
#110=ADVANCED_FACE('',(#486),#300,.F.);
#111=ADVANCED_FACE('',(#487),#301,.F.);
#112=ADVANCED_FACE('',(#488),#302,.F.);
#113=ADVANCED_FACE('',(#489),#303,.F.);
#114=ADVANCED_FACE('',(#490),#304,.F.);
#115=ADVANCED_FACE('',(#491),#305,.F.);
#116=ADVANCED_FACE('',(#492),#306,.F.);
#117=ADVANCED_FACE('',(#493),#307,.F.);
#118=ADVANCED_FACE('',(#494),#308,.F.);
#119=ADVANCED_FACE('',(#495),#309,.F.);
#120=ADVANCED_FACE('',(#496),#310,.F.);
#121=ADVANCED_FACE('',(#497),#311,.F.);
#122=ADVANCED_FACE('',(#498),#312,.F.);
#123=ADVANCED_FACE('',(#499),#313,.T.);
#124=ADVANCED_FACE('',(#500),#314,.F.);
#125=ADVANCED_FACE('',(#501),#315,.T.);
#126=ADVANCED_FACE('',(#502),#316,.T.);
#127=ADVANCED_FACE('',(#503),#317,.T.);
#128=ADVANCED_FACE('',(#504),#318,.T.);
#129=ADVANCED_FACE('',(#505),#319,.T.);
#130=ADVANCED_FACE('',(#506),#320,.T.);
#131=ADVANCED_FACE('',(#507),#321,.T.);
#132=ADVANCED_FACE('',(#508),#322,.T.);
#133=ADVANCED_FACE('',(#509),#323,.T.);
#134=ADVANCED_FACE('',(#510),#324,.T.);
#135=ADVANCED_FACE('',(#511),#325,.T.);
#136=ADVANCED_FACE('',(#512),#326,.T.);
#137=ADVANCED_FACE('',(#513),#327,.T.);
#138=ADVANCED_FACE('',(#514),#328,.T.);
#139=ADVANCED_FACE('',(#515),#329,.T.);
#140=ADVANCED_FACE('',(#516),#330,.T.);
#141=ADVANCED_FACE('',(#517),#331,.T.);
#142=ADVANCED_FACE('',(#518),#332,.T.);
#143=ADVANCED_FACE('',(#519),#333,.T.);
#144=ADVANCED_FACE('',(#520),#334,.T.);
#145=ADVANCED_FACE('',(#521),#335,.T.);
#146=ADVANCED_FACE('',(#522),#336,.T.);
#147=ADVANCED_FACE('',(#523),#337,.T.);
#148=ADVANCED_FACE('',(#524),#338,.T.);
#149=ADVANCED_FACE('',(#525),#339,.T.);
#150=ADVANCED_FACE('',(#526),#340,.T.);
#151=ADVANCED_FACE('',(#527),#341,.F.);
#152=ADVANCED_FACE('',(#528),#342,.T.);
#153=ADVANCED_FACE('',(#529),#343,.T.);
#154=ADVANCED_FACE('',(#530),#344,.T.);
#155=ADVANCED_FACE('',(#531),#345,.T.);
#156=ADVANCED_FACE('',(#532),#346,.T.);
#157=ADVANCED_FACE('',(#533),#347,.T.);
#158=ADVANCED_FACE('',(#534),#348,.T.);
#159=ADVANCED_FACE('',(#535),#349,.F.);
#160=ADVANCED_FACE('',(#536),#350,.F.);
#161=ADVANCED_FACE('',(#537),#351,.F.);
#162=ADVANCED_FACE('',(#538),#352,.F.);
#163=ADVANCED_FACE('',(#539),#353,.T.);
#164=ADVANCED_FACE('',(#540),#354,.T.);
#165=ADVANCED_FACE('',(#541),#355,.T.);
#166=ADVANCED_FACE('',(#542),#356,.T.);
#167=ADVANCED_FACE('',(#543),#357,.T.);
#168=ADVANCED_FACE('',(#544),#358,.T.);
#169=ADVANCED_FACE('',(#545),#359,.F.);
#170=ADVANCED_FACE('',(#546),#360,.F.);
#171=ADVANCED_FACE('',(#547),#361,.F.);
#172=ADVANCED_FACE('',(#548),#362,.F.);
#173=ADVANCED_FACE('',(#549),#363,.T.);
#174=ADVANCED_FACE('',(#550),#364,.T.);
#175=ADVANCED_FACE('',(#551),#365,.T.);
#176=ADVANCED_FACE('',(#552),#366,.T.);
#177=ADVANCED_FACE('',(#553),#367,.T.);
#178=ADVANCED_FACE('',(#554),#368,.T.);
#179=ADVANCED_FACE('',(#555),#369,.F.);
#180=ADVANCED_FACE('',(#556),#370,.F.);
#181=ADVANCED_FACE('',(#557),#371,.F.);
#182=ADVANCED_FACE('',(#558),#372,.F.);
#183=ADVANCED_FACE('',(#559),#373,.T.);
#184=ADVANCED_FACE('',(#560),#374,.T.);
#185=ADVANCED_FACE('',(#561),#375,.T.);
#186=ADVANCED_FACE('',(#562),#376,.T.);
#187=ADVANCED_FACE('',(#563),#377,.T.);
#188=ADVANCED_FACE('',(#564),#378,.T.);
#189=ADVANCED_FACE('',(#565),#379,.F.);
#190=ADVANCED_FACE('',(#566),#380,.F.);
#191=ADVANCED_FACE('',(#567),#381,.F.);
#192=ADVANCED_FACE('',(#568),#382,.F.);
#193=ADVANCED_FACE('',(#569),#383,.T.);
#194=ADVANCED_FACE('',(#570),#384,.F.);
#195=ADVANCED_FACE('',(#571),#385,.T.);
#196=ADVANCED_FACE('',(#572),#386,.T.);
#197=ADVANCED_FACE('',(#573),#387,.F.);
#198=ADVANCED_FACE('',(#574),#388,.F.);
#199=ADVANCED_FACE('',(#575),#389,.T.);
#200=ADVANCED_FACE('',(#576),#390,.T.);
#201=ADVANCED_FACE('',(#577),#391,.T.);
#202=ADVANCED_FACE('',(#578),#392,.F.);
#203=ADVANCED_FACE('',(#579),#23,.T.);
#204=ADVANCED_FACE('',(#580),#24,.T.);
#205=ADVANCED_FACE('',(#581),#25,.T.);
#206=ADVANCED_FACE('',(#582),#26,.T.);
#207=ADVANCED_FACE('',(#583),#393,.F.);
#208=ADVANCED_FACE('',(#584),#394,.F.);
#209=ADVANCED_FACE('',(#585),#395,.F.);
#210=ADVANCED_FACE('',(#586),#396,.F.);
#211=ADVANCED_FACE('',(#587),#397,.F.);
#212=ADVANCED_FACE('',(#588),#398,.F.);
#213=ADVANCED_FACE('',(#589),#399,.F.);
#214=ADVANCED_FACE('',(#590),#400,.F.);
#215=ADVANCED_FACE('',(#591),#401,.F.);
#216=ADVANCED_FACE('',(#592),#402,.F.);
#217=ADVANCED_FACE('',(#593),#403,.F.);
#218=ADVANCED_FACE('',(#594),#404,.F.);
#219=ADVANCED_FACE('',(#595),#405,.F.);
#220=ADVANCED_FACE('',(#596),#406,.F.);
#221=ADVANCED_FACE('',(#597),#407,.F.);
#222=ADVANCED_FACE('',(#598),#408,.F.);
#223=ADVANCED_FACE('',(#599),#409,.F.);
#224=ADVANCED_FACE('',(#600),#410,.F.);
#225=ADVANCED_FACE('',(#601),#411,.F.);
#226=ADVANCED_FACE('',(#602),#412,.F.);
#227=ADVANCED_FACE('',(#603),#413,.F.);
#228=ADVANCED_FACE('',(#604),#414,.F.);
#229=ADVANCED_FACE('',(#605),#415,.F.);
#230=ADVANCED_FACE('',(#606),#416,.T.);
#231=ADVANCED_FACE('',(#607),#417,.T.);
#232=ADVANCED_FACE('',(#608),#418,.T.);
#233=ADVANCED_FACE('',(#609),#419,.T.);
#234=ADVANCED_FACE('',(#610),#420,.T.);
#235=ADVANCED_FACE('',(#611),#421,.T.);
#236=ADVANCED_FACE('',(#612),#422,.T.);
#237=ADVANCED_FACE('',(#613),#423,.T.);
#238=ADVANCED_FACE('',(#614),#424,.T.);
#239=ADVANCED_FACE('',(#615),#425,.T.);
#240=ADVANCED_FACE('',(#616),#426,.T.);
#241=ADVANCED_FACE('',(#617),#427,.T.);
#242=ADVANCED_FACE('',(#618),#428,.T.);
#243=ADVANCED_FACE('',(#619),#429,.T.);
#244=ADVANCED_FACE('',(#620),#430,.T.);
#245=ADVANCED_FACE('',(#621),#431,.T.);
#246=ADVANCED_FACE('',(#622),#432,.T.);
#247=ADVANCED_FACE('',(#623),#433,.T.);
#248=ADVANCED_FACE('',(#624),#434,.T.);
#249=ADVANCED_FACE('',(#625),#435,.T.);
#250=ADVANCED_FACE('',(#626),#436,.T.);
#251=ADVANCED_FACE('',(#627),#437,.T.);
#252=ADVANCED_FACE('',(#628),#438,.T.);
#253=ADVANCED_FACE('',(#629),#439,.T.);
#254=ADVANCED_FACE('',(#630),#440,.F.);
#255=ADVANCED_FACE('',(#631),#441,.F.);
#256=ADVANCED_FACE('',(#632),#442,.F.);
#257=ADVANCED_FACE('',(#633),#443,.F.);
#258=ADVANCED_FACE('',(#634),#444,.F.);
#259=ADVANCED_FACE('',(#635),#445,.T.);
#260=ADVANCED_FACE('',(#636),#446,.T.);
#261=ADVANCED_FACE('',(#637),#447,.T.);
#262=ADVANCED_FACE('',(#638),#448,.T.);
#263=ADVANCED_FACE('',(#639),#449,.F.);
#264=ADVANCED_FACE('',(#640),#450,.F.);
#265=ADVANCED_FACE('',(#641),#451,.F.);
#266=ADVANCED_FACE('',(#642),#452,.F.);
#267=ADVANCED_FACE('',(#643),#453,.T.);
#268=ADVANCED_FACE('',(#644),#454,.T.);
#269=ADVANCED_FACE('',(#645),#455,.T.);
#270=ADVANCED_FACE('',(#646),#456,.T.);
#271=ADVANCED_FACE('',(#647),#457,.F.);
#272=ADVANCED_FACE('',(#648),#458,.F.);
#273=ADVANCED_FACE('',(#649),#459,.F.);
#274=ADVANCED_FACE('',(#650),#460,.F.);
#275=ADVANCED_FACE('',(#651),#461,.T.);
#276=ADVANCED_FACE('',(#652),#462,.T.);
#277=ADVANCED_FACE('',(#653),#463,.T.);
#278=ADVANCED_FACE('',(#654),#464,.T.);
#279=ADVANCED_FACE('',(#655),#465,.F.);
#280=ADVANCED_FACE('',(#656),#466,.F.);
#281=ADVANCED_FACE('',(#657),#467,.F.);
#282=ADVANCED_FACE('',(#658),#468,.F.);
#283=ADVANCED_FACE('',(#659),#469,.T.);
#284=ADVANCED_FACE('',(#660),#470,.T.);
#285=ADVANCED_FACE('',(#661),#471,.T.);
#286=ADVANCED_FACE('',(#662),#472,.T.);
#287=PLANE('',#3814);
#288=PLANE('',#3815);
#289=PLANE('',#3816);
#290=PLANE('',#3817);
#291=PLANE('',#3818);
#292=PLANE('',#3819);
#293=PLANE('',#3820);
#294=PLANE('',#3821);
#295=PLANE('',#3822);
#296=PLANE('',#3823);
#297=PLANE('',#3824);
#298=PLANE('',#3825);
#299=PLANE('',#3826);
#300=PLANE('',#3827);
#301=PLANE('',#3828);
#302=PLANE('',#3829);
#303=PLANE('',#3830);
#304=PLANE('',#3831);
#305=PLANE('',#3832);
#306=PLANE('',#3833);
#307=PLANE('',#3834);
#308=PLANE('',#3835);
#309=PLANE('',#3836);
#310=PLANE('',#3837);
#311=PLANE('',#3838);
#312=PLANE('',#3839);
#313=PLANE('',#3840);
#314=PLANE('',#3841);
#315=PLANE('',#3842);
#316=PLANE('',#3843);
#317=PLANE('',#3844);
#318=PLANE('',#3845);
#319=PLANE('',#3846);
#320=PLANE('',#3847);
#321=PLANE('',#3848);
#322=PLANE('',#3849);
#323=PLANE('',#3850);
#324=PLANE('',#3851);
#325=PLANE('',#3852);
#326=PLANE('',#3853);
#327=PLANE('',#3854);
#328=PLANE('',#3855);
#329=PLANE('',#3856);
#330=PLANE('',#3857);
#331=PLANE('',#3858);
#332=PLANE('',#3859);
#333=PLANE('',#3860);
#334=PLANE('',#3861);
#335=PLANE('',#3862);
#336=PLANE('',#3863);
#337=PLANE('',#3864);
#338=PLANE('',#3865);
#339=PLANE('',#3866);
#340=PLANE('',#3867);
#341=PLANE('',#3868);
#342=PLANE('',#3869);
#343=PLANE('',#3870);
#344=PLANE('',#3871);
#345=PLANE('',#3872);
#346=PLANE('',#3873);
#347=PLANE('',#3874);
#348=PLANE('',#3875);
#349=PLANE('',#3876);
#350=PLANE('',#3877);
#351=PLANE('',#3878);
#352=PLANE('',#3879);
#353=PLANE('',#3880);
#354=PLANE('',#3881);
#355=PLANE('',#3882);
#356=PLANE('',#3883);
#357=PLANE('',#3884);
#358=PLANE('',#3885);
#359=PLANE('',#3886);
#360=PLANE('',#3887);
#361=PLANE('',#3888);
#362=PLANE('',#3889);
#363=PLANE('',#3890);
#364=PLANE('',#3891);
#365=PLANE('',#3892);
#366=PLANE('',#3893);
#367=PLANE('',#3894);
#368=PLANE('',#3895);
#369=PLANE('',#3896);
#370=PLANE('',#3897);
#371=PLANE('',#3898);
#372=PLANE('',#3899);
#373=PLANE('',#3900);
#374=PLANE('',#3901);
#375=PLANE('',#3902);
#376=PLANE('',#3903);
#377=PLANE('',#3904);
#378=PLANE('',#3905);
#379=PLANE('',#3906);
#380=PLANE('',#3907);
#381=PLANE('',#3908);
#382=PLANE('',#3909);
#383=PLANE('',#3910);
#384=PLANE('',#3911);
#385=PLANE('',#3912);
#386=PLANE('',#3913);
#387=PLANE('',#3914);
#388=PLANE('',#3915);
#389=PLANE('',#3916);
#390=PLANE('',#3917);
#391=PLANE('',#3918);
#392=PLANE('',#3919);
#393=PLANE('',#3928);
#394=PLANE('',#3929);
#395=PLANE('',#3930);
#396=PLANE('',#3931);
#397=PLANE('',#3932);
#398=PLANE('',#3933);
#399=PLANE('',#3934);
#400=PLANE('',#3935);
#401=PLANE('',#3936);
#402=PLANE('',#3937);
#403=PLANE('',#3938);
#404=PLANE('',#3939);
#405=PLANE('',#3940);
#406=PLANE('',#3941);
#407=PLANE('',#3942);
#408=PLANE('',#3943);
#409=PLANE('',#3944);
#410=PLANE('',#3945);
#411=PLANE('',#3946);
#412=PLANE('',#3947);
#413=PLANE('',#3948);
#414=PLANE('',#3949);
#415=PLANE('',#3950);
#416=PLANE('',#3951);
#417=PLANE('',#3952);
#418=PLANE('',#3953);
#419=PLANE('',#3954);
#420=PLANE('',#3955);
#421=PLANE('',#3956);
#422=PLANE('',#3957);
#423=PLANE('',#3958);
#424=PLANE('',#3959);
#425=PLANE('',#3960);
#426=PLANE('',#3961);
#427=PLANE('',#3962);
#428=PLANE('',#3963);
#429=PLANE('',#3964);
#430=PLANE('',#3965);
#431=PLANE('',#3966);
#432=PLANE('',#3967);
#433=PLANE('',#3968);
#434=PLANE('',#3969);
#435=PLANE('',#3970);
#436=PLANE('',#3971);
#437=PLANE('',#3972);
#438=PLANE('',#3973);
#439=PLANE('',#3974);
#440=PLANE('',#3975);
#441=PLANE('',#3976);
#442=PLANE('',#3977);
#443=PLANE('',#3978);
#444=PLANE('',#3979);
#445=PLANE('',#3980);
#446=PLANE('',#3981);
#447=PLANE('',#3982);
#448=PLANE('',#3983);
#449=PLANE('',#3984);
#450=PLANE('',#3985);
#451=PLANE('',#3986);
#452=PLANE('',#3987);
#453=PLANE('',#3988);
#454=PLANE('',#3989);
#455=PLANE('',#3990);
#456=PLANE('',#3991);
#457=PLANE('',#3992);
#458=PLANE('',#3993);
#459=PLANE('',#3994);
#460=PLANE('',#3995);
#461=PLANE('',#3996);
#462=PLANE('',#3997);
#463=PLANE('',#3998);
#464=PLANE('',#3999);
#465=PLANE('',#4000);
#466=PLANE('',#4001);
#467=PLANE('',#4002);
#468=PLANE('',#4003);
#469=PLANE('',#4004);
#470=PLANE('',#4005);
#471=PLANE('',#4006);
#472=PLANE('',#4007);
#473=FACE_OUTER_BOUND('',#663,.T.);
#474=FACE_OUTER_BOUND('',#664,.T.);
#475=FACE_OUTER_BOUND('',#665,.T.);
#476=FACE_OUTER_BOUND('',#666,.T.);
#477=FACE_OUTER_BOUND('',#667,.T.);
#478=FACE_OUTER_BOUND('',#668,.T.);
#479=FACE_OUTER_BOUND('',#669,.T.);
#480=FACE_OUTER_BOUND('',#670,.T.);
#481=FACE_OUTER_BOUND('',#671,.T.);
#482=FACE_OUTER_BOUND('',#672,.T.);
#483=FACE_OUTER_BOUND('',#673,.T.);
#484=FACE_OUTER_BOUND('',#674,.T.);
#485=FACE_OUTER_BOUND('',#675,.T.);
#486=FACE_OUTER_BOUND('',#676,.T.);
#487=FACE_OUTER_BOUND('',#677,.T.);
#488=FACE_OUTER_BOUND('',#678,.T.);
#489=FACE_OUTER_BOUND('',#679,.T.);
#490=FACE_OUTER_BOUND('',#680,.T.);
#491=FACE_OUTER_BOUND('',#681,.T.);
#492=FACE_OUTER_BOUND('',#682,.T.);
#493=FACE_OUTER_BOUND('',#683,.T.);
#494=FACE_OUTER_BOUND('',#684,.T.);
#495=FACE_OUTER_BOUND('',#685,.T.);
#496=FACE_OUTER_BOUND('',#686,.T.);
#497=FACE_OUTER_BOUND('',#687,.T.);
#498=FACE_OUTER_BOUND('',#688,.T.);
#499=FACE_OUTER_BOUND('',#689,.T.);
#500=FACE_OUTER_BOUND('',#690,.T.);
#501=FACE_OUTER_BOUND('',#691,.T.);
#502=FACE_OUTER_BOUND('',#692,.T.);
#503=FACE_OUTER_BOUND('',#693,.T.);
#504=FACE_OUTER_BOUND('',#694,.T.);
#505=FACE_OUTER_BOUND('',#695,.T.);
#506=FACE_OUTER_BOUND('',#696,.T.);
#507=FACE_OUTER_BOUND('',#697,.T.);
#508=FACE_OUTER_BOUND('',#698,.T.);
#509=FACE_OUTER_BOUND('',#699,.T.);
#510=FACE_OUTER_BOUND('',#700,.T.);
#511=FACE_OUTER_BOUND('',#701,.T.);
#512=FACE_OUTER_BOUND('',#702,.T.);
#513=FACE_OUTER_BOUND('',#703,.T.);
#514=FACE_OUTER_BOUND('',#704,.T.);
#515=FACE_OUTER_BOUND('',#705,.T.);
#516=FACE_OUTER_BOUND('',#706,.T.);
#517=FACE_OUTER_BOUND('',#707,.T.);
#518=FACE_OUTER_BOUND('',#708,.T.);
#519=FACE_OUTER_BOUND('',#709,.T.);
#520=FACE_OUTER_BOUND('',#710,.T.);
#521=FACE_OUTER_BOUND('',#711,.T.);
#522=FACE_OUTER_BOUND('',#712,.T.);
#523=FACE_OUTER_BOUND('',#713,.T.);
#524=FACE_OUTER_BOUND('',#714,.T.);
#525=FACE_OUTER_BOUND('',#715,.T.);
#526=FACE_OUTER_BOUND('',#716,.T.);
#527=FACE_OUTER_BOUND('',#717,.T.);
#528=FACE_OUTER_BOUND('',#718,.T.);
#529=FACE_OUTER_BOUND('',#719,.T.);
#530=FACE_OUTER_BOUND('',#720,.T.);
#531=FACE_OUTER_BOUND('',#721,.T.);
#532=FACE_OUTER_BOUND('',#722,.T.);
#533=FACE_OUTER_BOUND('',#723,.T.);
#534=FACE_OUTER_BOUND('',#724,.T.);
#535=FACE_OUTER_BOUND('',#725,.T.);
#536=FACE_OUTER_BOUND('',#726,.T.);
#537=FACE_OUTER_BOUND('',#727,.T.);
#538=FACE_OUTER_BOUND('',#728,.T.);
#539=FACE_OUTER_BOUND('',#729,.T.);
#540=FACE_OUTER_BOUND('',#730,.T.);
#541=FACE_OUTER_BOUND('',#731,.T.);
#542=FACE_OUTER_BOUND('',#732,.T.);
#543=FACE_OUTER_BOUND('',#733,.T.);
#544=FACE_OUTER_BOUND('',#734,.T.);
#545=FACE_OUTER_BOUND('',#735,.T.);
#546=FACE_OUTER_BOUND('',#736,.T.);
#547=FACE_OUTER_BOUND('',#737,.T.);
#548=FACE_OUTER_BOUND('',#738,.T.);
#549=FACE_OUTER_BOUND('',#739,.T.);
#550=FACE_OUTER_BOUND('',#740,.T.);
#551=FACE_OUTER_BOUND('',#741,.T.);
#552=FACE_OUTER_BOUND('',#742,.T.);
#553=FACE_OUTER_BOUND('',#743,.T.);
#554=FACE_OUTER_BOUND('',#744,.T.);
#555=FACE_OUTER_BOUND('',#745,.T.);
#556=FACE_OUTER_BOUND('',#746,.T.);
#557=FACE_OUTER_BOUND('',#747,.T.);
#558=FACE_OUTER_BOUND('',#748,.T.);
#559=FACE_OUTER_BOUND('',#749,.T.);
#560=FACE_OUTER_BOUND('',#750,.T.);
#561=FACE_OUTER_BOUND('',#751,.T.);
#562=FACE_OUTER_BOUND('',#752,.T.);
#563=FACE_OUTER_BOUND('',#753,.T.);
#564=FACE_OUTER_BOUND('',#754,.T.);
#565=FACE_OUTER_BOUND('',#755,.T.);
#566=FACE_OUTER_BOUND('',#756,.T.);
#567=FACE_OUTER_BOUND('',#757,.T.);
#568=FACE_OUTER_BOUND('',#758,.T.);
#569=FACE_OUTER_BOUND('',#759,.T.);
#570=FACE_OUTER_BOUND('',#760,.T.);
#571=FACE_OUTER_BOUND('',#761,.T.);
#572=FACE_OUTER_BOUND('',#762,.T.);
#573=FACE_OUTER_BOUND('',#763,.T.);
#574=FACE_OUTER_BOUND('',#764,.T.);
#575=FACE_OUTER_BOUND('',#765,.T.);
#576=FACE_OUTER_BOUND('',#766,.T.);
#577=FACE_OUTER_BOUND('',#767,.T.);
#578=FACE_OUTER_BOUND('',#768,.T.);
#579=FACE_OUTER_BOUND('',#769,.T.);
#580=FACE_OUTER_BOUND('',#770,.T.);
#581=FACE_OUTER_BOUND('',#771,.T.);
#582=FACE_OUTER_BOUND('',#772,.T.);
#583=FACE_OUTER_BOUND('',#773,.T.);
#584=FACE_OUTER_BOUND('',#774,.T.);
#585=FACE_OUTER_BOUND('',#775,.T.);
#586=FACE_OUTER_BOUND('',#776,.T.);
#587=FACE_OUTER_BOUND('',#777,.T.);
#588=FACE_OUTER_BOUND('',#778,.T.);
#589=FACE_OUTER_BOUND('',#779,.T.);
#590=FACE_OUTER_BOUND('',#780,.T.);
#591=FACE_OUTER_BOUND('',#781,.T.);
#592=FACE_OUTER_BOUND('',#782,.T.);
#593=FACE_OUTER_BOUND('',#783,.T.);
#594=FACE_OUTER_BOUND('',#784,.T.);
#595=FACE_OUTER_BOUND('',#785,.T.);
#596=FACE_OUTER_BOUND('',#786,.T.);
#597=FACE_OUTER_BOUND('',#787,.T.);
#598=FACE_OUTER_BOUND('',#788,.T.);
#599=FACE_OUTER_BOUND('',#789,.T.);
#600=FACE_OUTER_BOUND('',#790,.T.);
#601=FACE_OUTER_BOUND('',#791,.T.);
#602=FACE_OUTER_BOUND('',#792,.T.);
#603=FACE_OUTER_BOUND('',#793,.T.);
#604=FACE_OUTER_BOUND('',#794,.T.);
#605=FACE_OUTER_BOUND('',#795,.T.);
#606=FACE_OUTER_BOUND('',#796,.T.);
#607=FACE_OUTER_BOUND('',#797,.T.);
#608=FACE_OUTER_BOUND('',#798,.T.);
#609=FACE_OUTER_BOUND('',#799,.T.);
#610=FACE_OUTER_BOUND('',#800,.T.);
#611=FACE_OUTER_BOUND('',#801,.T.);
#612=FACE_OUTER_BOUND('',#802,.T.);
#613=FACE_OUTER_BOUND('',#803,.T.);
#614=FACE_OUTER_BOUND('',#804,.T.);
#615=FACE_OUTER_BOUND('',#805,.T.);
#616=FACE_OUTER_BOUND('',#806,.T.);
#617=FACE_OUTER_BOUND('',#807,.T.);
#618=FACE_OUTER_BOUND('',#808,.T.);
#619=FACE_OUTER_BOUND('',#809,.T.);
#620=FACE_OUTER_BOUND('',#810,.T.);
#621=FACE_OUTER_BOUND('',#811,.T.);
#622=FACE_OUTER_BOUND('',#812,.T.);
#623=FACE_OUTER_BOUND('',#813,.T.);
#624=FACE_OUTER_BOUND('',#814,.T.);
#625=FACE_OUTER_BOUND('',#815,.T.);
#626=FACE_OUTER_BOUND('',#816,.T.);
#627=FACE_OUTER_BOUND('',#817,.T.);
#628=FACE_OUTER_BOUND('',#818,.T.);
#629=FACE_OUTER_BOUND('',#819,.T.);
#630=FACE_OUTER_BOUND('',#820,.T.);
#631=FACE_OUTER_BOUND('',#821,.T.);
#632=FACE_OUTER_BOUND('',#822,.T.);
#633=FACE_OUTER_BOUND('',#823,.T.);
#634=FACE_OUTER_BOUND('',#824,.T.);
#635=FACE_OUTER_BOUND('',#825,.T.);
#636=FACE_OUTER_BOUND('',#826,.T.);
#637=FACE_OUTER_BOUND('',#827,.T.);
#638=FACE_OUTER_BOUND('',#828,.T.);
#639=FACE_OUTER_BOUND('',#829,.T.);
#640=FACE_OUTER_BOUND('',#830,.T.);
#641=FACE_OUTER_BOUND('',#831,.T.);
#642=FACE_OUTER_BOUND('',#832,.T.);
#643=FACE_OUTER_BOUND('',#833,.T.);
#644=FACE_OUTER_BOUND('',#834,.T.);
#645=FACE_OUTER_BOUND('',#835,.T.);
#646=FACE_OUTER_BOUND('',#836,.T.);
#647=FACE_OUTER_BOUND('',#837,.T.);
#648=FACE_OUTER_BOUND('',#838,.T.);
#649=FACE_OUTER_BOUND('',#839,.T.);
#650=FACE_OUTER_BOUND('',#840,.T.);
#651=FACE_OUTER_BOUND('',#841,.T.);
#652=FACE_OUTER_BOUND('',#842,.T.);
#653=FACE_OUTER_BOUND('',#843,.T.);
#654=FACE_OUTER_BOUND('',#844,.T.);
#655=FACE_OUTER_BOUND('',#845,.T.);
#656=FACE_OUTER_BOUND('',#846,.T.);
#657=FACE_OUTER_BOUND('',#847,.T.);
#658=FACE_OUTER_BOUND('',#848,.T.);
#659=FACE_OUTER_BOUND('',#849,.T.);
#660=FACE_OUTER_BOUND('',#850,.T.);
#661=FACE_OUTER_BOUND('',#851,.T.);
#662=FACE_OUTER_BOUND('',#852,.T.);
#663=EDGE_LOOP('',(#853,#854,#855,#856));
#664=EDGE_LOOP('',(#857,#858,#859,#860));
#665=EDGE_LOOP('',(#861,#862,#863,#864));
#666=EDGE_LOOP('',(#865,#866,#867,#868));
#667=EDGE_LOOP('',(#869,#870,#871,#872));
#668=EDGE_LOOP('',(#873,#874,#875,#876));
#669=EDGE_LOOP('',(#877,#878,#879,#880));
#670=EDGE_LOOP('',(#881,#882,#883,#884));
#671=EDGE_LOOP('',(#885,#886,#887,#888));
#672=EDGE_LOOP('',(#889,#890,#891,#892));
#673=EDGE_LOOP('',(#893,#894,#895,#896));
#674=EDGE_LOOP('',(#897,#898,#899,#900));
#675=EDGE_LOOP('',(#901,#902,#903,#904));
#676=EDGE_LOOP('',(#905,#906,#907,#908));
#677=EDGE_LOOP('',(#909,#910,#911,#912));
#678=EDGE_LOOP('',(#913,#914,#915,#916));
#679=EDGE_LOOP('',(#917,#918,#919,#920));
#680=EDGE_LOOP('',(#921,#922,#923,#924));
#681=EDGE_LOOP('',(#925,#926,#927,#928));
#682=EDGE_LOOP('',(#929,#930,#931,#932));
#683=EDGE_LOOP('',(#933,#934,#935,#936));
#684=EDGE_LOOP('',(#937,#938,#939,#940));
#685=EDGE_LOOP('',(#941,#942,#943,#944));
#686=EDGE_LOOP('',(#945,#946,#947,#948));
#687=EDGE_LOOP('',(#949,#950,#951,#952));
#688=EDGE_LOOP('',(#953,#954,#955,#956));
#689=EDGE_LOOP('',(#957,#958,#959,#960,#961,#962,#963,#964,#965,#966,#967,
#968,#969,#970,#971,#972,#973,#974,#975,#976,#977,#978,#979,#980,#981,#982));
#690=EDGE_LOOP('',(#983,#984,#985,#986,#987,#988,#989,#990,#991,#992,#993,
#994,#995,#996,#997,#998,#999,#1000,#1001,#1002,#1003,#1004,#1005,#1006,
#1007,#1008));
#691=EDGE_LOOP('',(#1009,#1010,#1011,#1012));
#692=EDGE_LOOP('',(#1013,#1014,#1015,#1016));
#693=EDGE_LOOP('',(#1017,#1018,#1019,#1020));
#694=EDGE_LOOP('',(#1021,#1022,#1023,#1024));
#695=EDGE_LOOP('',(#1025,#1026,#1027,#1028));
#696=EDGE_LOOP('',(#1029,#1030,#1031,#1032));
#697=EDGE_LOOP('',(#1033,#1034,#1035,#1036));
#698=EDGE_LOOP('',(#1037,#1038,#1039,#1040));
#699=EDGE_LOOP('',(#1041,#1042,#1043,#1044));
#700=EDGE_LOOP('',(#1045,#1046,#1047,#1048));
#701=EDGE_LOOP('',(#1049,#1050,#1051,#1052));
#702=EDGE_LOOP('',(#1053,#1054,#1055,#1056));
#703=EDGE_LOOP('',(#1057,#1058,#1059,#1060));
#704=EDGE_LOOP('',(#1061,#1062,#1063,#1064));
#705=EDGE_LOOP('',(#1065,#1066,#1067,#1068));
#706=EDGE_LOOP('',(#1069,#1070,#1071,#1072));
#707=EDGE_LOOP('',(#1073,#1074,#1075,#1076));
#708=EDGE_LOOP('',(#1077,#1078,#1079,#1080));
#709=EDGE_LOOP('',(#1081,#1082,#1083,#1084));
#710=EDGE_LOOP('',(#1085,#1086,#1087,#1088));
#711=EDGE_LOOP('',(#1089,#1090,#1091,#1092));
#712=EDGE_LOOP('',(#1093,#1094,#1095,#1096));
#713=EDGE_LOOP('',(#1097,#1098,#1099,#1100));
#714=EDGE_LOOP('',(#1101,#1102,#1103,#1104));
#715=EDGE_LOOP('',(#1105,#1106,#1107,#1108));
#716=EDGE_LOOP('',(#1109,#1110,#1111,#1112));
#717=EDGE_LOOP('',(#1113,#1114,#1115,#1116,#1117,#1118,#1119,#1120,#1121,
#1122,#1123,#1124,#1125,#1126,#1127,#1128,#1129,#1130,#1131,#1132,#1133,
#1134,#1135,#1136,#1137,#1138));
#718=EDGE_LOOP('',(#1139,#1140,#1141,#1142,#1143,#1144,#1145,#1146,#1147,
#1148,#1149,#1150,#1151,#1152,#1153,#1154,#1155,#1156,#1157,#1158,#1159,
#1160,#1161,#1162,#1163,#1164));
#719=EDGE_LOOP('',(#1165,#1166,#1167,#1168,#1169,#1170,#1171,#1172));
#720=EDGE_LOOP('',(#1173,#1174,#1175,#1176));
#721=EDGE_LOOP('',(#1177,#1178,#1179,#1180));
#722=EDGE_LOOP('',(#1181,#1182,#1183,#1184));
#723=EDGE_LOOP('',(#1185,#1186,#1187,#1188,#1189,#1190,#1191,#1192));
#724=EDGE_LOOP('',(#1193,#1194,#1195,#1196));
#725=EDGE_LOOP('',(#1197,#1198,#1199,#1200));
#726=EDGE_LOOP('',(#1201,#1202,#1203,#1204));
#727=EDGE_LOOP('',(#1205,#1206,#1207,#1208));
#728=EDGE_LOOP('',(#1209,#1210,#1211,#1212));
#729=EDGE_LOOP('',(#1213,#1214,#1215,#1216,#1217,#1218,#1219,#1220));
#730=EDGE_LOOP('',(#1221,#1222,#1223,#1224));
#731=EDGE_LOOP('',(#1225,#1226,#1227,#1228));
#732=EDGE_LOOP('',(#1229,#1230,#1231,#1232));
#733=EDGE_LOOP('',(#1233,#1234,#1235,#1236,#1237,#1238,#1239,#1240));
#734=EDGE_LOOP('',(#1241,#1242,#1243,#1244));
#735=EDGE_LOOP('',(#1245,#1246,#1247,#1248));
#736=EDGE_LOOP('',(#1249,#1250,#1251,#1252));
#737=EDGE_LOOP('',(#1253,#1254,#1255,#1256));
#738=EDGE_LOOP('',(#1257,#1258,#1259,#1260));
#739=EDGE_LOOP('',(#1261,#1262,#1263,#1264,#1265,#1266,#1267,#1268));
#740=EDGE_LOOP('',(#1269,#1270,#1271,#1272));
#741=EDGE_LOOP('',(#1273,#1274,#1275,#1276));
#742=EDGE_LOOP('',(#1277,#1278,#1279,#1280));
#743=EDGE_LOOP('',(#1281,#1282,#1283,#1284,#1285,#1286,#1287,#1288));
#744=EDGE_LOOP('',(#1289,#1290,#1291,#1292));
#745=EDGE_LOOP('',(#1293,#1294,#1295,#1296));
#746=EDGE_LOOP('',(#1297,#1298,#1299,#1300));
#747=EDGE_LOOP('',(#1301,#1302,#1303,#1304));
#748=EDGE_LOOP('',(#1305,#1306,#1307,#1308));
#749=EDGE_LOOP('',(#1309,#1310,#1311,#1312,#1313,#1314,#1315,#1316));
#750=EDGE_LOOP('',(#1317,#1318,#1319,#1320));
#751=EDGE_LOOP('',(#1321,#1322,#1323,#1324));
#752=EDGE_LOOP('',(#1325,#1326,#1327,#1328));
#753=EDGE_LOOP('',(#1329,#1330,#1331,#1332,#1333,#1334,#1335,#1336));
#754=EDGE_LOOP('',(#1337,#1338,#1339,#1340));
#755=EDGE_LOOP('',(#1341,#1342,#1343,#1344));
#756=EDGE_LOOP('',(#1345,#1346,#1347,#1348));
#757=EDGE_LOOP('',(#1349,#1350,#1351,#1352));
#758=EDGE_LOOP('',(#1353,#1354,#1355,#1356));
#759=EDGE_LOOP('',(#1357,#1358,#1359,#1360,#1361,#1362,#1363,#1364,#1365,
#1366,#1367,#1368,#1369,#1370,#1371,#1372,#1373,#1374,#1375,#1376,#1377,
#1378,#1379,#1380,#1381,#1382,#1383,#1384,#1385,#1386,#1387,#1388,#1389,
#1390,#1391,#1392,#1393,#1394,#1395,#1396,#1397,#1398,#1399,#1400,#1401,
#1402,#1403,#1404,#1405,#1406,#1407,#1408,#1409,#1410,#1411,#1412));
#760=EDGE_LOOP('',(#1413,#1414,#1415,#1416,#1417,#1418,#1419,#1420,#1421,
#1422,#1423,#1424,#1425,#1426,#1427,#1428,#1429,#1430,#1431,#1432));
#761=EDGE_LOOP('',(#1433,#1434,#1435,#1436,#1437,#1438,#1439,#1440));
#762=EDGE_LOOP('',(#1441,#1442,#1443,#1444,#1445,#1446,#1447,#1448));
#763=EDGE_LOOP('',(#1449,#1450,#1451,#1452,#1453,#1454,#1455,#1456,#1457,
#1458,#1459,#1460,#1461,#1462,#1463,#1464,#1465,#1466,#1467,#1468));
#764=EDGE_LOOP('',(#1469,#1470,#1471,#1472,#1473,#1474,#1475,#1476));
#765=EDGE_LOOP('',(#1477,#1478,#1479,#1480,#1481,#1482,#1483,#1484));
#766=EDGE_LOOP('',(#1485,#1486,#1487,#1488));
#767=EDGE_LOOP('',(#1489,#1490,#1491,#1492,#1493,#1494,#1495,#1496));
#768=EDGE_LOOP('',(#1497,#1498,#1499,#1500,#1501,#1502,#1503,#1504));
#769=EDGE_LOOP('',(#1505,#1506,#1507,#1508));
#770=EDGE_LOOP('',(#1509,#1510,#1511,#1512));
#771=EDGE_LOOP('',(#1513,#1514,#1515,#1516));
#772=EDGE_LOOP('',(#1517,#1518,#1519,#1520));
#773=EDGE_LOOP('',(#1521,#1522,#1523,#1524));
#774=EDGE_LOOP('',(#1525,#1526,#1527,#1528));
#775=EDGE_LOOP('',(#1529,#1530,#1531,#1532));
#776=EDGE_LOOP('',(#1533,#1534,#1535,#1536));
#777=EDGE_LOOP('',(#1537,#1538,#1539,#1540));
#778=EDGE_LOOP('',(#1541,#1542,#1543,#1544));
#779=EDGE_LOOP('',(#1545,#1546,#1547,#1548));
#780=EDGE_LOOP('',(#1549,#1550,#1551,#1552));
#781=EDGE_LOOP('',(#1553,#1554,#1555,#1556));
#782=EDGE_LOOP('',(#1557,#1558,#1559,#1560));
#783=EDGE_LOOP('',(#1561,#1562,#1563,#1564));
#784=EDGE_LOOP('',(#1565,#1566,#1567,#1568));
#785=EDGE_LOOP('',(#1569,#1570,#1571,#1572));
#786=EDGE_LOOP('',(#1573,#1574,#1575,#1576));
#787=EDGE_LOOP('',(#1577,#1578,#1579,#1580));
#788=EDGE_LOOP('',(#1581,#1582,#1583,#1584));
#789=EDGE_LOOP('',(#1585,#1586,#1587,#1588));
#790=EDGE_LOOP('',(#1589,#1590,#1591,#1592));
#791=EDGE_LOOP('',(#1593,#1594,#1595,#1596));
#792=EDGE_LOOP('',(#1597,#1598,#1599,#1600));
#793=EDGE_LOOP('',(#1601,#1602,#1603,#1604));
#794=EDGE_LOOP('',(#1605,#1606,#1607,#1608));
#795=EDGE_LOOP('',(#1609,#1610,#1611,#1612));
#796=EDGE_LOOP('',(#1613,#1614,#1615,#1616,#1617,#1618,#1619,#1620,#1621,
#1622,#1623,#1624,#1625,#1626,#1627,#1628,#1629,#1630,#1631,#1632,#1633,
#1634,#1635,#1636,#1637,#1638));
#797=EDGE_LOOP('',(#1639,#1640,#1641,#1642));
#798=EDGE_LOOP('',(#1643,#1644,#1645,#1646));
#799=EDGE_LOOP('',(#1647,#1648,#1649,#1650));
#800=EDGE_LOOP('',(#1651,#1652,#1653,#1654));
#801=EDGE_LOOP('',(#1655,#1656,#1657,#1658));
#802=EDGE_LOOP('',(#1659,#1660,#1661,#1662));
#803=EDGE_LOOP('',(#1663,#1664,#1665,#1666));
#804=EDGE_LOOP('',(#1667,#1668,#1669,#1670));
#805=EDGE_LOOP('',(#1671,#1672,#1673,#1674));
#806=EDGE_LOOP('',(#1675,#1676,#1677,#1678));
#807=EDGE_LOOP('',(#1679,#1680,#1681,#1682));
#808=EDGE_LOOP('',(#1683,#1684,#1685,#1686));
#809=EDGE_LOOP('',(#1687,#1688,#1689,#1690));
#810=EDGE_LOOP('',(#1691,#1692,#1693,#1694));
#811=EDGE_LOOP('',(#1695,#1696,#1697,#1698));
#812=EDGE_LOOP('',(#1699,#1700,#1701,#1702));
#813=EDGE_LOOP('',(#1703,#1704,#1705,#1706));
#814=EDGE_LOOP('',(#1707,#1708,#1709,#1710));
#815=EDGE_LOOP('',(#1711,#1712,#1713,#1714));
#816=EDGE_LOOP('',(#1715,#1716,#1717,#1718));
#817=EDGE_LOOP('',(#1719,#1720,#1721,#1722));
#818=EDGE_LOOP('',(#1723,#1724,#1725,#1726));
#819=EDGE_LOOP('',(#1727,#1728,#1729,#1730));
#820=EDGE_LOOP('',(#1731,#1732,#1733,#1734,#1735,#1736,#1737,#1738,#1739,
#1740,#1741,#1742,#1743,#1744,#1745,#1746,#1747,#1748,#1749,#1750,#1751,
#1752,#1753,#1754,#1755,#1756));
#821=EDGE_LOOP('',(#1757,#1758,#1759,#1760,#1761,#1762,#1763,#1764));
#822=EDGE_LOOP('',(#1765,#1766,#1767,#1768));
#823=EDGE_LOOP('',(#1769,#1770,#1771,#1772));
#824=EDGE_LOOP('',(#1773,#1774,#1775,#1776));
#825=EDGE_LOOP('',(#1777,#1778,#1779,#1780));
#826=EDGE_LOOP('',(#1781,#1782,#1783,#1784));
#827=EDGE_LOOP('',(#1785,#1786,#1787,#1788));
#828=EDGE_LOOP('',(#1789,#1790,#1791,#1792));
#829=EDGE_LOOP('',(#1793,#1794,#1795,#1796,#1797,#1798,#1799,#1800));
#830=EDGE_LOOP('',(#1801,#1802,#1803,#1804));
#831=EDGE_LOOP('',(#1805,#1806,#1807,#1808));
#832=EDGE_LOOP('',(#1809,#1810,#1811,#1812));
#833=EDGE_LOOP('',(#1813,#1814,#1815,#1816));
#834=EDGE_LOOP('',(#1817,#1818,#1819,#1820));
#835=EDGE_LOOP('',(#1821,#1822,#1823,#1824));
#836=EDGE_LOOP('',(#1825,#1826,#1827,#1828));
#837=EDGE_LOOP('',(#1829,#1830,#1831,#1832,#1833,#1834,#1835,#1836));
#838=EDGE_LOOP('',(#1837,#1838,#1839,#1840));
#839=EDGE_LOOP('',(#1841,#1842,#1843,#1844));
#840=EDGE_LOOP('',(#1845,#1846,#1847,#1848));
#841=EDGE_LOOP('',(#1849,#1850,#1851,#1852));
#842=EDGE_LOOP('',(#1853,#1854,#1855,#1856));
#843=EDGE_LOOP('',(#1857,#1858,#1859,#1860));
#844=EDGE_LOOP('',(#1861,#1862,#1863,#1864));
#845=EDGE_LOOP('',(#1865,#1866,#1867,#1868,#1869,#1870,#1871,#1872));
#846=EDGE_LOOP('',(#1873,#1874,#1875,#1876));
#847=EDGE_LOOP('',(#1877,#1878,#1879,#1880));
#848=EDGE_LOOP('',(#1881,#1882,#1883,#1884));
#849=EDGE_LOOP('',(#1885,#1886,#1887,#1888));
#850=EDGE_LOOP('',(#1889,#1890,#1891,#1892));
#851=EDGE_LOOP('',(#1893,#1894,#1895,#1896));
#852=EDGE_LOOP('',(#1897,#1898,#1899,#1900));
#853=ORIENTED_EDGE('',*,*,#2249,.T.);
#854=ORIENTED_EDGE('',*,*,#2250,.F.);
#855=ORIENTED_EDGE('',*,*,#2251,.F.);
#856=ORIENTED_EDGE('',*,*,#2252,.T.);
#857=ORIENTED_EDGE('',*,*,#2253,.T.);
#858=ORIENTED_EDGE('',*,*,#2254,.F.);
#859=ORIENTED_EDGE('',*,*,#2255,.F.);
#860=ORIENTED_EDGE('',*,*,#2250,.T.);
#861=ORIENTED_EDGE('',*,*,#2256,.T.);
#862=ORIENTED_EDGE('',*,*,#2257,.F.);
#863=ORIENTED_EDGE('',*,*,#2258,.F.);
#864=ORIENTED_EDGE('',*,*,#2254,.T.);
#865=ORIENTED_EDGE('',*,*,#2259,.T.);
#866=ORIENTED_EDGE('',*,*,#2260,.F.);
#867=ORIENTED_EDGE('',*,*,#2261,.F.);
#868=ORIENTED_EDGE('',*,*,#2257,.T.);
#869=ORIENTED_EDGE('',*,*,#2262,.T.);
#870=ORIENTED_EDGE('',*,*,#2263,.F.);
#871=ORIENTED_EDGE('',*,*,#2264,.F.);
#872=ORIENTED_EDGE('',*,*,#2260,.T.);
#873=ORIENTED_EDGE('',*,*,#2265,.T.);
#874=ORIENTED_EDGE('',*,*,#2266,.F.);
#875=ORIENTED_EDGE('',*,*,#2267,.F.);
#876=ORIENTED_EDGE('',*,*,#2263,.T.);
#877=ORIENTED_EDGE('',*,*,#2268,.T.);
#878=ORIENTED_EDGE('',*,*,#2269,.F.);
#879=ORIENTED_EDGE('',*,*,#2270,.F.);
#880=ORIENTED_EDGE('',*,*,#2266,.T.);
#881=ORIENTED_EDGE('',*,*,#2271,.T.);
#882=ORIENTED_EDGE('',*,*,#2272,.F.);
#883=ORIENTED_EDGE('',*,*,#2273,.F.);
#884=ORIENTED_EDGE('',*,*,#2269,.T.);
#885=ORIENTED_EDGE('',*,*,#2274,.T.);
#886=ORIENTED_EDGE('',*,*,#2275,.F.);
#887=ORIENTED_EDGE('',*,*,#2276,.F.);
#888=ORIENTED_EDGE('',*,*,#2272,.T.);
#889=ORIENTED_EDGE('',*,*,#2277,.T.);
#890=ORIENTED_EDGE('',*,*,#2278,.F.);
#891=ORIENTED_EDGE('',*,*,#2279,.F.);
#892=ORIENTED_EDGE('',*,*,#2275,.T.);
#893=ORIENTED_EDGE('',*,*,#2280,.T.);
#894=ORIENTED_EDGE('',*,*,#2281,.F.);
#895=ORIENTED_EDGE('',*,*,#2282,.F.);
#896=ORIENTED_EDGE('',*,*,#2278,.T.);
#897=ORIENTED_EDGE('',*,*,#2283,.T.);
#898=ORIENTED_EDGE('',*,*,#2284,.F.);
#899=ORIENTED_EDGE('',*,*,#2285,.F.);
#900=ORIENTED_EDGE('',*,*,#2281,.T.);
#901=ORIENTED_EDGE('',*,*,#2286,.T.);
#902=ORIENTED_EDGE('',*,*,#2287,.F.);
#903=ORIENTED_EDGE('',*,*,#2288,.F.);
#904=ORIENTED_EDGE('',*,*,#2284,.T.);
#905=ORIENTED_EDGE('',*,*,#2289,.T.);
#906=ORIENTED_EDGE('',*,*,#2290,.F.);
#907=ORIENTED_EDGE('',*,*,#2291,.F.);
#908=ORIENTED_EDGE('',*,*,#2287,.T.);
#909=ORIENTED_EDGE('',*,*,#2292,.T.);
#910=ORIENTED_EDGE('',*,*,#2293,.F.);
#911=ORIENTED_EDGE('',*,*,#2294,.F.);
#912=ORIENTED_EDGE('',*,*,#2290,.T.);
#913=ORIENTED_EDGE('',*,*,#2295,.T.);
#914=ORIENTED_EDGE('',*,*,#2296,.F.);
#915=ORIENTED_EDGE('',*,*,#2297,.F.);
#916=ORIENTED_EDGE('',*,*,#2293,.T.);
#917=ORIENTED_EDGE('',*,*,#2298,.T.);
#918=ORIENTED_EDGE('',*,*,#2299,.F.);
#919=ORIENTED_EDGE('',*,*,#2300,.F.);
#920=ORIENTED_EDGE('',*,*,#2296,.T.);
#921=ORIENTED_EDGE('',*,*,#2301,.T.);
#922=ORIENTED_EDGE('',*,*,#2302,.F.);
#923=ORIENTED_EDGE('',*,*,#2303,.F.);
#924=ORIENTED_EDGE('',*,*,#2299,.T.);
#925=ORIENTED_EDGE('',*,*,#2304,.T.);
#926=ORIENTED_EDGE('',*,*,#2305,.F.);
#927=ORIENTED_EDGE('',*,*,#2306,.F.);
#928=ORIENTED_EDGE('',*,*,#2302,.T.);
#929=ORIENTED_EDGE('',*,*,#2307,.T.);
#930=ORIENTED_EDGE('',*,*,#2308,.F.);
#931=ORIENTED_EDGE('',*,*,#2309,.F.);
#932=ORIENTED_EDGE('',*,*,#2305,.T.);
#933=ORIENTED_EDGE('',*,*,#2310,.T.);
#934=ORIENTED_EDGE('',*,*,#2311,.F.);
#935=ORIENTED_EDGE('',*,*,#2312,.F.);
#936=ORIENTED_EDGE('',*,*,#2308,.T.);
#937=ORIENTED_EDGE('',*,*,#2313,.T.);
#938=ORIENTED_EDGE('',*,*,#2314,.F.);
#939=ORIENTED_EDGE('',*,*,#2315,.F.);
#940=ORIENTED_EDGE('',*,*,#2311,.T.);
#941=ORIENTED_EDGE('',*,*,#2316,.T.);
#942=ORIENTED_EDGE('',*,*,#2317,.F.);
#943=ORIENTED_EDGE('',*,*,#2318,.F.);
#944=ORIENTED_EDGE('',*,*,#2314,.T.);
#945=ORIENTED_EDGE('',*,*,#2319,.T.);
#946=ORIENTED_EDGE('',*,*,#2320,.F.);
#947=ORIENTED_EDGE('',*,*,#2321,.F.);
#948=ORIENTED_EDGE('',*,*,#2317,.T.);
#949=ORIENTED_EDGE('',*,*,#2322,.T.);
#950=ORIENTED_EDGE('',*,*,#2323,.F.);
#951=ORIENTED_EDGE('',*,*,#2324,.F.);
#952=ORIENTED_EDGE('',*,*,#2320,.T.);
#953=ORIENTED_EDGE('',*,*,#2325,.T.);
#954=ORIENTED_EDGE('',*,*,#2252,.F.);
#955=ORIENTED_EDGE('',*,*,#2326,.F.);
#956=ORIENTED_EDGE('',*,*,#2323,.T.);
#957=ORIENTED_EDGE('',*,*,#2251,.T.);
#958=ORIENTED_EDGE('',*,*,#2255,.T.);
#959=ORIENTED_EDGE('',*,*,#2258,.T.);
#960=ORIENTED_EDGE('',*,*,#2261,.T.);
#961=ORIENTED_EDGE('',*,*,#2264,.T.);
#962=ORIENTED_EDGE('',*,*,#2267,.T.);
#963=ORIENTED_EDGE('',*,*,#2270,.T.);
#964=ORIENTED_EDGE('',*,*,#2273,.T.);
#965=ORIENTED_EDGE('',*,*,#2276,.T.);
#966=ORIENTED_EDGE('',*,*,#2279,.T.);
#967=ORIENTED_EDGE('',*,*,#2282,.T.);
#968=ORIENTED_EDGE('',*,*,#2285,.T.);
#969=ORIENTED_EDGE('',*,*,#2288,.T.);
#970=ORIENTED_EDGE('',*,*,#2291,.T.);
#971=ORIENTED_EDGE('',*,*,#2294,.T.);
#972=ORIENTED_EDGE('',*,*,#2297,.T.);
#973=ORIENTED_EDGE('',*,*,#2300,.T.);
#974=ORIENTED_EDGE('',*,*,#2303,.T.);
#975=ORIENTED_EDGE('',*,*,#2306,.T.);
#976=ORIENTED_EDGE('',*,*,#2309,.T.);
#977=ORIENTED_EDGE('',*,*,#2312,.T.);
#978=ORIENTED_EDGE('',*,*,#2315,.T.);
#979=ORIENTED_EDGE('',*,*,#2318,.T.);
#980=ORIENTED_EDGE('',*,*,#2321,.T.);
#981=ORIENTED_EDGE('',*,*,#2324,.T.);
#982=ORIENTED_EDGE('',*,*,#2326,.T.);
#983=ORIENTED_EDGE('',*,*,#2249,.F.);
#984=ORIENTED_EDGE('',*,*,#2325,.F.);
#985=ORIENTED_EDGE('',*,*,#2322,.F.);
#986=ORIENTED_EDGE('',*,*,#2319,.F.);
#987=ORIENTED_EDGE('',*,*,#2316,.F.);
#988=ORIENTED_EDGE('',*,*,#2313,.F.);
#989=ORIENTED_EDGE('',*,*,#2310,.F.);
#990=ORIENTED_EDGE('',*,*,#2307,.F.);
#991=ORIENTED_EDGE('',*,*,#2304,.F.);
#992=ORIENTED_EDGE('',*,*,#2301,.F.);
#993=ORIENTED_EDGE('',*,*,#2298,.F.);
#994=ORIENTED_EDGE('',*,*,#2295,.F.);
#995=ORIENTED_EDGE('',*,*,#2292,.F.);
#996=ORIENTED_EDGE('',*,*,#2289,.F.);
#997=ORIENTED_EDGE('',*,*,#2286,.F.);
#998=ORIENTED_EDGE('',*,*,#2283,.F.);
#999=ORIENTED_EDGE('',*,*,#2280,.F.);
#1000=ORIENTED_EDGE('',*,*,#2277,.F.);
#1001=ORIENTED_EDGE('',*,*,#2274,.F.);
#1002=ORIENTED_EDGE('',*,*,#2271,.F.);
#1003=ORIENTED_EDGE('',*,*,#2268,.F.);
#1004=ORIENTED_EDGE('',*,*,#2265,.F.);
#1005=ORIENTED_EDGE('',*,*,#2262,.F.);
#1006=ORIENTED_EDGE('',*,*,#2259,.F.);
#1007=ORIENTED_EDGE('',*,*,#2256,.F.);
#1008=ORIENTED_EDGE('',*,*,#2253,.F.);
#1009=ORIENTED_EDGE('',*,*,#2327,.F.);
#1010=ORIENTED_EDGE('',*,*,#2328,.F.);
#1011=ORIENTED_EDGE('',*,*,#2329,.T.);
#1012=ORIENTED_EDGE('',*,*,#2330,.T.);
#1013=ORIENTED_EDGE('',*,*,#2331,.F.);
#1014=ORIENTED_EDGE('',*,*,#2330,.F.);
#1015=ORIENTED_EDGE('',*,*,#2332,.T.);
#1016=ORIENTED_EDGE('',*,*,#2333,.T.);
#1017=ORIENTED_EDGE('',*,*,#2334,.F.);
#1018=ORIENTED_EDGE('',*,*,#2333,.F.);
#1019=ORIENTED_EDGE('',*,*,#2335,.T.);
#1020=ORIENTED_EDGE('',*,*,#2336,.T.);
#1021=ORIENTED_EDGE('',*,*,#2337,.F.);
#1022=ORIENTED_EDGE('',*,*,#2336,.F.);
#1023=ORIENTED_EDGE('',*,*,#2338,.T.);
#1024=ORIENTED_EDGE('',*,*,#2339,.T.);
#1025=ORIENTED_EDGE('',*,*,#2340,.F.);
#1026=ORIENTED_EDGE('',*,*,#2339,.F.);
#1027=ORIENTED_EDGE('',*,*,#2341,.T.);
#1028=ORIENTED_EDGE('',*,*,#2342,.T.);
#1029=ORIENTED_EDGE('',*,*,#2343,.F.);
#1030=ORIENTED_EDGE('',*,*,#2342,.F.);
#1031=ORIENTED_EDGE('',*,*,#2344,.T.);
#1032=ORIENTED_EDGE('',*,*,#2345,.T.);
#1033=ORIENTED_EDGE('',*,*,#2346,.F.);
#1034=ORIENTED_EDGE('',*,*,#2345,.F.);
#1035=ORIENTED_EDGE('',*,*,#2347,.T.);
#1036=ORIENTED_EDGE('',*,*,#2348,.T.);
#1037=ORIENTED_EDGE('',*,*,#2349,.F.);
#1038=ORIENTED_EDGE('',*,*,#2348,.F.);
#1039=ORIENTED_EDGE('',*,*,#2350,.T.);
#1040=ORIENTED_EDGE('',*,*,#2351,.T.);
#1041=ORIENTED_EDGE('',*,*,#2352,.F.);
#1042=ORIENTED_EDGE('',*,*,#2351,.F.);
#1043=ORIENTED_EDGE('',*,*,#2353,.T.);
#1044=ORIENTED_EDGE('',*,*,#2354,.T.);
#1045=ORIENTED_EDGE('',*,*,#2355,.F.);
#1046=ORIENTED_EDGE('',*,*,#2354,.F.);
#1047=ORIENTED_EDGE('',*,*,#2356,.T.);
#1048=ORIENTED_EDGE('',*,*,#2357,.T.);
#1049=ORIENTED_EDGE('',*,*,#2358,.F.);
#1050=ORIENTED_EDGE('',*,*,#2357,.F.);
#1051=ORIENTED_EDGE('',*,*,#2359,.T.);
#1052=ORIENTED_EDGE('',*,*,#2360,.T.);
#1053=ORIENTED_EDGE('',*,*,#2361,.F.);
#1054=ORIENTED_EDGE('',*,*,#2360,.F.);
#1055=ORIENTED_EDGE('',*,*,#2362,.T.);
#1056=ORIENTED_EDGE('',*,*,#2363,.T.);
#1057=ORIENTED_EDGE('',*,*,#2364,.F.);
#1058=ORIENTED_EDGE('',*,*,#2363,.F.);
#1059=ORIENTED_EDGE('',*,*,#2365,.T.);
#1060=ORIENTED_EDGE('',*,*,#2366,.T.);
#1061=ORIENTED_EDGE('',*,*,#2367,.F.);
#1062=ORIENTED_EDGE('',*,*,#2366,.F.);
#1063=ORIENTED_EDGE('',*,*,#2368,.T.);
#1064=ORIENTED_EDGE('',*,*,#2369,.T.);
#1065=ORIENTED_EDGE('',*,*,#2370,.F.);
#1066=ORIENTED_EDGE('',*,*,#2369,.F.);
#1067=ORIENTED_EDGE('',*,*,#2371,.T.);
#1068=ORIENTED_EDGE('',*,*,#2372,.T.);
#1069=ORIENTED_EDGE('',*,*,#2373,.F.);
#1070=ORIENTED_EDGE('',*,*,#2372,.F.);
#1071=ORIENTED_EDGE('',*,*,#2374,.T.);
#1072=ORIENTED_EDGE('',*,*,#2375,.T.);
#1073=ORIENTED_EDGE('',*,*,#2376,.F.);
#1074=ORIENTED_EDGE('',*,*,#2375,.F.);
#1075=ORIENTED_EDGE('',*,*,#2377,.T.);
#1076=ORIENTED_EDGE('',*,*,#2378,.T.);
#1077=ORIENTED_EDGE('',*,*,#2379,.F.);
#1078=ORIENTED_EDGE('',*,*,#2378,.F.);
#1079=ORIENTED_EDGE('',*,*,#2380,.T.);
#1080=ORIENTED_EDGE('',*,*,#2381,.T.);
#1081=ORIENTED_EDGE('',*,*,#2382,.F.);
#1082=ORIENTED_EDGE('',*,*,#2381,.F.);
#1083=ORIENTED_EDGE('',*,*,#2383,.T.);
#1084=ORIENTED_EDGE('',*,*,#2384,.T.);
#1085=ORIENTED_EDGE('',*,*,#2385,.F.);
#1086=ORIENTED_EDGE('',*,*,#2384,.F.);
#1087=ORIENTED_EDGE('',*,*,#2386,.T.);
#1088=ORIENTED_EDGE('',*,*,#2387,.T.);
#1089=ORIENTED_EDGE('',*,*,#2388,.F.);
#1090=ORIENTED_EDGE('',*,*,#2387,.F.);
#1091=ORIENTED_EDGE('',*,*,#2389,.T.);
#1092=ORIENTED_EDGE('',*,*,#2390,.T.);
#1093=ORIENTED_EDGE('',*,*,#2391,.F.);
#1094=ORIENTED_EDGE('',*,*,#2390,.F.);
#1095=ORIENTED_EDGE('',*,*,#2392,.T.);
#1096=ORIENTED_EDGE('',*,*,#2393,.T.);
#1097=ORIENTED_EDGE('',*,*,#2394,.F.);
#1098=ORIENTED_EDGE('',*,*,#2393,.F.);
#1099=ORIENTED_EDGE('',*,*,#2395,.T.);
#1100=ORIENTED_EDGE('',*,*,#2396,.T.);
#1101=ORIENTED_EDGE('',*,*,#2397,.F.);
#1102=ORIENTED_EDGE('',*,*,#2396,.F.);
#1103=ORIENTED_EDGE('',*,*,#2398,.T.);
#1104=ORIENTED_EDGE('',*,*,#2399,.T.);
#1105=ORIENTED_EDGE('',*,*,#2400,.F.);
#1106=ORIENTED_EDGE('',*,*,#2399,.F.);
#1107=ORIENTED_EDGE('',*,*,#2401,.T.);
#1108=ORIENTED_EDGE('',*,*,#2402,.T.);
#1109=ORIENTED_EDGE('',*,*,#2403,.F.);
#1110=ORIENTED_EDGE('',*,*,#2402,.F.);
#1111=ORIENTED_EDGE('',*,*,#2404,.T.);
#1112=ORIENTED_EDGE('',*,*,#2328,.T.);
#1113=ORIENTED_EDGE('',*,*,#2329,.F.);
#1114=ORIENTED_EDGE('',*,*,#2404,.F.);
#1115=ORIENTED_EDGE('',*,*,#2401,.F.);
#1116=ORIENTED_EDGE('',*,*,#2398,.F.);
#1117=ORIENTED_EDGE('',*,*,#2395,.F.);
#1118=ORIENTED_EDGE('',*,*,#2392,.F.);
#1119=ORIENTED_EDGE('',*,*,#2389,.F.);
#1120=ORIENTED_EDGE('',*,*,#2386,.F.);
#1121=ORIENTED_EDGE('',*,*,#2383,.F.);
#1122=ORIENTED_EDGE('',*,*,#2380,.F.);
#1123=ORIENTED_EDGE('',*,*,#2377,.F.);
#1124=ORIENTED_EDGE('',*,*,#2374,.F.);
#1125=ORIENTED_EDGE('',*,*,#2371,.F.);
#1126=ORIENTED_EDGE('',*,*,#2368,.F.);
#1127=ORIENTED_EDGE('',*,*,#2365,.F.);
#1128=ORIENTED_EDGE('',*,*,#2362,.F.);
#1129=ORIENTED_EDGE('',*,*,#2359,.F.);
#1130=ORIENTED_EDGE('',*,*,#2356,.F.);
#1131=ORIENTED_EDGE('',*,*,#2353,.F.);
#1132=ORIENTED_EDGE('',*,*,#2350,.F.);
#1133=ORIENTED_EDGE('',*,*,#2347,.F.);
#1134=ORIENTED_EDGE('',*,*,#2344,.F.);
#1135=ORIENTED_EDGE('',*,*,#2341,.F.);
#1136=ORIENTED_EDGE('',*,*,#2338,.F.);
#1137=ORIENTED_EDGE('',*,*,#2335,.F.);
#1138=ORIENTED_EDGE('',*,*,#2332,.F.);
#1139=ORIENTED_EDGE('',*,*,#2327,.T.);
#1140=ORIENTED_EDGE('',*,*,#2331,.T.);
#1141=ORIENTED_EDGE('',*,*,#2334,.T.);
#1142=ORIENTED_EDGE('',*,*,#2337,.T.);
#1143=ORIENTED_EDGE('',*,*,#2340,.T.);
#1144=ORIENTED_EDGE('',*,*,#2343,.T.);
#1145=ORIENTED_EDGE('',*,*,#2346,.T.);
#1146=ORIENTED_EDGE('',*,*,#2349,.T.);
#1147=ORIENTED_EDGE('',*,*,#2352,.T.);
#1148=ORIENTED_EDGE('',*,*,#2355,.T.);
#1149=ORIENTED_EDGE('',*,*,#2358,.T.);
#1150=ORIENTED_EDGE('',*,*,#2361,.T.);
#1151=ORIENTED_EDGE('',*,*,#2364,.T.);
#1152=ORIENTED_EDGE('',*,*,#2367,.T.);
#1153=ORIENTED_EDGE('',*,*,#2370,.T.);
#1154=ORIENTED_EDGE('',*,*,#2373,.T.);
#1155=ORIENTED_EDGE('',*,*,#2376,.T.);
#1156=ORIENTED_EDGE('',*,*,#2379,.T.);
#1157=ORIENTED_EDGE('',*,*,#2382,.T.);
#1158=ORIENTED_EDGE('',*,*,#2385,.T.);
#1159=ORIENTED_EDGE('',*,*,#2388,.T.);
#1160=ORIENTED_EDGE('',*,*,#2391,.T.);
#1161=ORIENTED_EDGE('',*,*,#2394,.T.);
#1162=ORIENTED_EDGE('',*,*,#2397,.T.);
#1163=ORIENTED_EDGE('',*,*,#2400,.T.);
#1164=ORIENTED_EDGE('',*,*,#2403,.T.);
#1165=ORIENTED_EDGE('',*,*,#2405,.F.);
#1166=ORIENTED_EDGE('',*,*,#2406,.F.);
#1167=ORIENTED_EDGE('',*,*,#2407,.F.);
#1168=ORIENTED_EDGE('',*,*,#2408,.F.);
#1169=ORIENTED_EDGE('',*,*,#2409,.F.);
#1170=ORIENTED_EDGE('',*,*,#2410,.T.);
#1171=ORIENTED_EDGE('',*,*,#2411,.F.);
#1172=ORIENTED_EDGE('',*,*,#2412,.F.);
#1173=ORIENTED_EDGE('',*,*,#2413,.F.);
#1174=ORIENTED_EDGE('',*,*,#2408,.T.);
#1175=ORIENTED_EDGE('',*,*,#2414,.F.);
#1176=ORIENTED_EDGE('',*,*,#2415,.T.);
#1177=ORIENTED_EDGE('',*,*,#2414,.T.);
#1178=ORIENTED_EDGE('',*,*,#2407,.T.);
#1179=ORIENTED_EDGE('',*,*,#2416,.F.);
#1180=ORIENTED_EDGE('',*,*,#2417,.T.);
#1181=ORIENTED_EDGE('',*,*,#2418,.T.);
#1182=ORIENTED_EDGE('',*,*,#2419,.T.);
#1183=ORIENTED_EDGE('',*,*,#2416,.T.);
#1184=ORIENTED_EDGE('',*,*,#2406,.T.);
#1185=ORIENTED_EDGE('',*,*,#2420,.T.);
#1186=ORIENTED_EDGE('',*,*,#2421,.T.);
#1187=ORIENTED_EDGE('',*,*,#2422,.F.);
#1188=ORIENTED_EDGE('',*,*,#2423,.F.);
#1189=ORIENTED_EDGE('',*,*,#2424,.T.);
#1190=ORIENTED_EDGE('',*,*,#2415,.F.);
#1191=ORIENTED_EDGE('',*,*,#2417,.F.);
#1192=ORIENTED_EDGE('',*,*,#2419,.F.);
#1193=ORIENTED_EDGE('',*,*,#2425,.F.);
#1194=ORIENTED_EDGE('',*,*,#2411,.T.);
#1195=ORIENTED_EDGE('',*,*,#2426,.T.);
#1196=ORIENTED_EDGE('',*,*,#2422,.T.);
#1197=ORIENTED_EDGE('',*,*,#2409,.T.);
#1198=ORIENTED_EDGE('',*,*,#2413,.T.);
#1199=ORIENTED_EDGE('',*,*,#2424,.F.);
#1200=ORIENTED_EDGE('',*,*,#2427,.T.);
#1201=ORIENTED_EDGE('',*,*,#2427,.F.);
#1202=ORIENTED_EDGE('',*,*,#2423,.T.);
#1203=ORIENTED_EDGE('',*,*,#2426,.F.);
#1204=ORIENTED_EDGE('',*,*,#2410,.F.);
#1205=ORIENTED_EDGE('',*,*,#2405,.T.);
#1206=ORIENTED_EDGE('',*,*,#2428,.F.);
#1207=ORIENTED_EDGE('',*,*,#2420,.F.);
#1208=ORIENTED_EDGE('',*,*,#2418,.F.);
#1209=ORIENTED_EDGE('',*,*,#2412,.T.);
#1210=ORIENTED_EDGE('',*,*,#2425,.T.);
#1211=ORIENTED_EDGE('',*,*,#2421,.F.);
#1212=ORIENTED_EDGE('',*,*,#2428,.T.);
#1213=ORIENTED_EDGE('',*,*,#2429,.F.);
#1214=ORIENTED_EDGE('',*,*,#2430,.F.);
#1215=ORIENTED_EDGE('',*,*,#2431,.F.);
#1216=ORIENTED_EDGE('',*,*,#2432,.F.);
#1217=ORIENTED_EDGE('',*,*,#2433,.F.);
#1218=ORIENTED_EDGE('',*,*,#2434,.T.);
#1219=ORIENTED_EDGE('',*,*,#2435,.F.);
#1220=ORIENTED_EDGE('',*,*,#2436,.F.);
#1221=ORIENTED_EDGE('',*,*,#2437,.F.);
#1222=ORIENTED_EDGE('',*,*,#2432,.T.);
#1223=ORIENTED_EDGE('',*,*,#2438,.F.);
#1224=ORIENTED_EDGE('',*,*,#2439,.T.);
#1225=ORIENTED_EDGE('',*,*,#2438,.T.);
#1226=ORIENTED_EDGE('',*,*,#2431,.T.);
#1227=ORIENTED_EDGE('',*,*,#2440,.F.);
#1228=ORIENTED_EDGE('',*,*,#2441,.T.);
#1229=ORIENTED_EDGE('',*,*,#2442,.T.);
#1230=ORIENTED_EDGE('',*,*,#2443,.T.);
#1231=ORIENTED_EDGE('',*,*,#2440,.T.);
#1232=ORIENTED_EDGE('',*,*,#2430,.T.);
#1233=ORIENTED_EDGE('',*,*,#2444,.T.);
#1234=ORIENTED_EDGE('',*,*,#2445,.T.);
#1235=ORIENTED_EDGE('',*,*,#2446,.F.);
#1236=ORIENTED_EDGE('',*,*,#2447,.F.);
#1237=ORIENTED_EDGE('',*,*,#2448,.T.);
#1238=ORIENTED_EDGE('',*,*,#2439,.F.);
#1239=ORIENTED_EDGE('',*,*,#2441,.F.);
#1240=ORIENTED_EDGE('',*,*,#2443,.F.);
#1241=ORIENTED_EDGE('',*,*,#2449,.F.);
#1242=ORIENTED_EDGE('',*,*,#2435,.T.);
#1243=ORIENTED_EDGE('',*,*,#2450,.T.);
#1244=ORIENTED_EDGE('',*,*,#2446,.T.);
#1245=ORIENTED_EDGE('',*,*,#2433,.T.);
#1246=ORIENTED_EDGE('',*,*,#2437,.T.);
#1247=ORIENTED_EDGE('',*,*,#2448,.F.);
#1248=ORIENTED_EDGE('',*,*,#2451,.T.);
#1249=ORIENTED_EDGE('',*,*,#2451,.F.);
#1250=ORIENTED_EDGE('',*,*,#2447,.T.);
#1251=ORIENTED_EDGE('',*,*,#2450,.F.);
#1252=ORIENTED_EDGE('',*,*,#2434,.F.);
#1253=ORIENTED_EDGE('',*,*,#2429,.T.);
#1254=ORIENTED_EDGE('',*,*,#2452,.F.);
#1255=ORIENTED_EDGE('',*,*,#2444,.F.);
#1256=ORIENTED_EDGE('',*,*,#2442,.F.);
#1257=ORIENTED_EDGE('',*,*,#2436,.T.);
#1258=ORIENTED_EDGE('',*,*,#2449,.T.);
#1259=ORIENTED_EDGE('',*,*,#2445,.F.);
#1260=ORIENTED_EDGE('',*,*,#2452,.T.);
#1261=ORIENTED_EDGE('',*,*,#2453,.F.);
#1262=ORIENTED_EDGE('',*,*,#2454,.F.);
#1263=ORIENTED_EDGE('',*,*,#2455,.F.);
#1264=ORIENTED_EDGE('',*,*,#2456,.F.);
#1265=ORIENTED_EDGE('',*,*,#2457,.F.);
#1266=ORIENTED_EDGE('',*,*,#2458,.T.);
#1267=ORIENTED_EDGE('',*,*,#2459,.F.);
#1268=ORIENTED_EDGE('',*,*,#2460,.F.);
#1269=ORIENTED_EDGE('',*,*,#2461,.F.);
#1270=ORIENTED_EDGE('',*,*,#2456,.T.);
#1271=ORIENTED_EDGE('',*,*,#2462,.F.);
#1272=ORIENTED_EDGE('',*,*,#2463,.T.);
#1273=ORIENTED_EDGE('',*,*,#2462,.T.);
#1274=ORIENTED_EDGE('',*,*,#2455,.T.);
#1275=ORIENTED_EDGE('',*,*,#2464,.F.);
#1276=ORIENTED_EDGE('',*,*,#2465,.T.);
#1277=ORIENTED_EDGE('',*,*,#2466,.T.);
#1278=ORIENTED_EDGE('',*,*,#2467,.T.);
#1279=ORIENTED_EDGE('',*,*,#2464,.T.);
#1280=ORIENTED_EDGE('',*,*,#2454,.T.);
#1281=ORIENTED_EDGE('',*,*,#2468,.T.);
#1282=ORIENTED_EDGE('',*,*,#2469,.T.);
#1283=ORIENTED_EDGE('',*,*,#2470,.F.);
#1284=ORIENTED_EDGE('',*,*,#2471,.F.);
#1285=ORIENTED_EDGE('',*,*,#2472,.T.);
#1286=ORIENTED_EDGE('',*,*,#2463,.F.);
#1287=ORIENTED_EDGE('',*,*,#2465,.F.);
#1288=ORIENTED_EDGE('',*,*,#2467,.F.);
#1289=ORIENTED_EDGE('',*,*,#2473,.F.);
#1290=ORIENTED_EDGE('',*,*,#2459,.T.);
#1291=ORIENTED_EDGE('',*,*,#2474,.T.);
#1292=ORIENTED_EDGE('',*,*,#2470,.T.);
#1293=ORIENTED_EDGE('',*,*,#2457,.T.);
#1294=ORIENTED_EDGE('',*,*,#2461,.T.);
#1295=ORIENTED_EDGE('',*,*,#2472,.F.);
#1296=ORIENTED_EDGE('',*,*,#2475,.T.);
#1297=ORIENTED_EDGE('',*,*,#2475,.F.);
#1298=ORIENTED_EDGE('',*,*,#2471,.T.);
#1299=ORIENTED_EDGE('',*,*,#2474,.F.);
#1300=ORIENTED_EDGE('',*,*,#2458,.F.);
#1301=ORIENTED_EDGE('',*,*,#2453,.T.);
#1302=ORIENTED_EDGE('',*,*,#2476,.F.);
#1303=ORIENTED_EDGE('',*,*,#2468,.F.);
#1304=ORIENTED_EDGE('',*,*,#2466,.F.);
#1305=ORIENTED_EDGE('',*,*,#2460,.T.);
#1306=ORIENTED_EDGE('',*,*,#2473,.T.);
#1307=ORIENTED_EDGE('',*,*,#2469,.F.);
#1308=ORIENTED_EDGE('',*,*,#2476,.T.);
#1309=ORIENTED_EDGE('',*,*,#2477,.F.);
#1310=ORIENTED_EDGE('',*,*,#2478,.F.);
#1311=ORIENTED_EDGE('',*,*,#2479,.F.);
#1312=ORIENTED_EDGE('',*,*,#2480,.F.);
#1313=ORIENTED_EDGE('',*,*,#2481,.F.);
#1314=ORIENTED_EDGE('',*,*,#2482,.T.);
#1315=ORIENTED_EDGE('',*,*,#2483,.F.);
#1316=ORIENTED_EDGE('',*,*,#2484,.F.);
#1317=ORIENTED_EDGE('',*,*,#2485,.F.);
#1318=ORIENTED_EDGE('',*,*,#2480,.T.);
#1319=ORIENTED_EDGE('',*,*,#2486,.F.);
#1320=ORIENTED_EDGE('',*,*,#2487,.T.);
#1321=ORIENTED_EDGE('',*,*,#2486,.T.);
#1322=ORIENTED_EDGE('',*,*,#2479,.T.);
#1323=ORIENTED_EDGE('',*,*,#2488,.F.);
#1324=ORIENTED_EDGE('',*,*,#2489,.T.);
#1325=ORIENTED_EDGE('',*,*,#2490,.T.);
#1326=ORIENTED_EDGE('',*,*,#2491,.T.);
#1327=ORIENTED_EDGE('',*,*,#2488,.T.);
#1328=ORIENTED_EDGE('',*,*,#2478,.T.);
#1329=ORIENTED_EDGE('',*,*,#2492,.T.);
#1330=ORIENTED_EDGE('',*,*,#2493,.T.);
#1331=ORIENTED_EDGE('',*,*,#2494,.F.);
#1332=ORIENTED_EDGE('',*,*,#2495,.F.);
#1333=ORIENTED_EDGE('',*,*,#2496,.T.);
#1334=ORIENTED_EDGE('',*,*,#2487,.F.);
#1335=ORIENTED_EDGE('',*,*,#2489,.F.);
#1336=ORIENTED_EDGE('',*,*,#2491,.F.);
#1337=ORIENTED_EDGE('',*,*,#2497,.F.);
#1338=ORIENTED_EDGE('',*,*,#2483,.T.);
#1339=ORIENTED_EDGE('',*,*,#2498,.T.);
#1340=ORIENTED_EDGE('',*,*,#2494,.T.);
#1341=ORIENTED_EDGE('',*,*,#2481,.T.);
#1342=ORIENTED_EDGE('',*,*,#2485,.T.);
#1343=ORIENTED_EDGE('',*,*,#2496,.F.);
#1344=ORIENTED_EDGE('',*,*,#2499,.T.);
#1345=ORIENTED_EDGE('',*,*,#2499,.F.);
#1346=ORIENTED_EDGE('',*,*,#2495,.T.);
#1347=ORIENTED_EDGE('',*,*,#2498,.F.);
#1348=ORIENTED_EDGE('',*,*,#2482,.F.);
#1349=ORIENTED_EDGE('',*,*,#2477,.T.);
#1350=ORIENTED_EDGE('',*,*,#2500,.F.);
#1351=ORIENTED_EDGE('',*,*,#2492,.F.);
#1352=ORIENTED_EDGE('',*,*,#2490,.F.);
#1353=ORIENTED_EDGE('',*,*,#2484,.T.);
#1354=ORIENTED_EDGE('',*,*,#2497,.T.);
#1355=ORIENTED_EDGE('',*,*,#2493,.F.);
#1356=ORIENTED_EDGE('',*,*,#2500,.T.);
#1357=ORIENTED_EDGE('',*,*,#2501,.T.);
#1358=ORIENTED_EDGE('',*,*,#2502,.T.);
#1359=ORIENTED_EDGE('',*,*,#2503,.T.);
#1360=ORIENTED_EDGE('',*,*,#2504,.T.);
#1361=ORIENTED_EDGE('',*,*,#2505,.F.);
#1362=ORIENTED_EDGE('',*,*,#2506,.F.);
#1363=ORIENTED_EDGE('',*,*,#2507,.F.);
#1364=ORIENTED_EDGE('',*,*,#2508,.F.);
#1365=ORIENTED_EDGE('',*,*,#2509,.F.);
#1366=ORIENTED_EDGE('',*,*,#2510,.F.);
#1367=ORIENTED_EDGE('',*,*,#2511,.F.);
#1368=ORIENTED_EDGE('',*,*,#2512,.F.);
#1369=ORIENTED_EDGE('',*,*,#2513,.F.);
#1370=ORIENTED_EDGE('',*,*,#2514,.F.);
#1371=ORIENTED_EDGE('',*,*,#2515,.F.);
#1372=ORIENTED_EDGE('',*,*,#2516,.T.);
#1373=ORIENTED_EDGE('',*,*,#2517,.T.);
#1374=ORIENTED_EDGE('',*,*,#2518,.T.);
#1375=ORIENTED_EDGE('',*,*,#2519,.T.);
#1376=ORIENTED_EDGE('',*,*,#2520,.T.);
#1377=ORIENTED_EDGE('',*,*,#2521,.T.);
#1378=ORIENTED_EDGE('',*,*,#2522,.T.);
#1379=ORIENTED_EDGE('',*,*,#2523,.T.);
#1380=ORIENTED_EDGE('',*,*,#2524,.T.);
#1381=ORIENTED_EDGE('',*,*,#2525,.T.);
#1382=ORIENTED_EDGE('',*,*,#2526,.T.);
#1383=ORIENTED_EDGE('',*,*,#2527,.T.);
#1384=ORIENTED_EDGE('',*,*,#2528,.T.);
#1385=ORIENTED_EDGE('',*,*,#2529,.T.);
#1386=ORIENTED_EDGE('',*,*,#2530,.F.);
#1387=ORIENTED_EDGE('',*,*,#2531,.F.);
#1388=ORIENTED_EDGE('',*,*,#2532,.F.);
#1389=ORIENTED_EDGE('',*,*,#2533,.T.);
#1390=ORIENTED_EDGE('',*,*,#2534,.T.);
#1391=ORIENTED_EDGE('',*,*,#2535,.T.);
#1392=ORIENTED_EDGE('',*,*,#2536,.T.);
#1393=ORIENTED_EDGE('',*,*,#2537,.T.);
#1394=ORIENTED_EDGE('',*,*,#2538,.F.);
#1395=ORIENTED_EDGE('',*,*,#2539,.F.);
#1396=ORIENTED_EDGE('',*,*,#2540,.F.);
#1397=ORIENTED_EDGE('',*,*,#2541,.T.);
#1398=ORIENTED_EDGE('',*,*,#2542,.T.);
#1399=ORIENTED_EDGE('',*,*,#2543,.T.);
#1400=ORIENTED_EDGE('',*,*,#2544,.T.);
#1401=ORIENTED_EDGE('',*,*,#2545,.T.);
#1402=ORIENTED_EDGE('',*,*,#2546,.F.);
#1403=ORIENTED_EDGE('',*,*,#2547,.F.);
#1404=ORIENTED_EDGE('',*,*,#2548,.F.);
#1405=ORIENTED_EDGE('',*,*,#2549,.T.);
#1406=ORIENTED_EDGE('',*,*,#2550,.T.);
#1407=ORIENTED_EDGE('',*,*,#2551,.T.);
#1408=ORIENTED_EDGE('',*,*,#2552,.T.);
#1409=ORIENTED_EDGE('',*,*,#2553,.T.);
#1410=ORIENTED_EDGE('',*,*,#2554,.F.);
#1411=ORIENTED_EDGE('',*,*,#2555,.F.);
#1412=ORIENTED_EDGE('',*,*,#2556,.F.);
#1413=ORIENTED_EDGE('',*,*,#2503,.F.);
#1414=ORIENTED_EDGE('',*,*,#2557,.T.);
#1415=ORIENTED_EDGE('',*,*,#2558,.F.);
#1416=ORIENTED_EDGE('',*,*,#2559,.T.);
#1417=ORIENTED_EDGE('',*,*,#2551,.F.);
#1418=ORIENTED_EDGE('',*,*,#2560,.T.);
#1419=ORIENTED_EDGE('',*,*,#2561,.F.);
#1420=ORIENTED_EDGE('',*,*,#2562,.T.);
#1421=ORIENTED_EDGE('',*,*,#2543,.F.);
#1422=ORIENTED_EDGE('',*,*,#2563,.T.);
#1423=ORIENTED_EDGE('',*,*,#2564,.F.);
#1424=ORIENTED_EDGE('',*,*,#2565,.T.);
#1425=ORIENTED_EDGE('',*,*,#2535,.F.);
#1426=ORIENTED_EDGE('',*,*,#2566,.T.);
#1427=ORIENTED_EDGE('',*,*,#2567,.F.);
#1428=ORIENTED_EDGE('',*,*,#2568,.T.);
#1429=ORIENTED_EDGE('',*,*,#2527,.F.);
#1430=ORIENTED_EDGE('',*,*,#2569,.F.);
#1431=ORIENTED_EDGE('',*,*,#2570,.T.);
#1432=ORIENTED_EDGE('',*,*,#2571,.T.);
#1433=ORIENTED_EDGE('',*,*,#2572,.T.);
#1434=ORIENTED_EDGE('',*,*,#2573,.T.);
#1435=ORIENTED_EDGE('',*,*,#2574,.T.);
#1436=ORIENTED_EDGE('',*,*,#2575,.T.);
#1437=ORIENTED_EDGE('',*,*,#2576,.T.);
#1438=ORIENTED_EDGE('',*,*,#2577,.T.);
#1439=ORIENTED_EDGE('',*,*,#2578,.T.);
#1440=ORIENTED_EDGE('',*,*,#2579,.F.);
#1441=ORIENTED_EDGE('',*,*,#2580,.F.);
#1442=ORIENTED_EDGE('',*,*,#2581,.T.);
#1443=ORIENTED_EDGE('',*,*,#2582,.T.);
#1444=ORIENTED_EDGE('',*,*,#2583,.T.);
#1445=ORIENTED_EDGE('',*,*,#2584,.T.);
#1446=ORIENTED_EDGE('',*,*,#2585,.T.);
#1447=ORIENTED_EDGE('',*,*,#2586,.T.);
#1448=ORIENTED_EDGE('',*,*,#2587,.T.);
#1449=ORIENTED_EDGE('',*,*,#2580,.T.);
#1450=ORIENTED_EDGE('',*,*,#2588,.T.);
#1451=ORIENTED_EDGE('',*,*,#2589,.F.);
#1452=ORIENTED_EDGE('',*,*,#2590,.T.);
#1453=ORIENTED_EDGE('',*,*,#2515,.T.);
#1454=ORIENTED_EDGE('',*,*,#2591,.F.);
#1455=ORIENTED_EDGE('',*,*,#2592,.T.);
#1456=ORIENTED_EDGE('',*,*,#2593,.F.);
#1457=ORIENTED_EDGE('',*,*,#2594,.T.);
#1458=ORIENTED_EDGE('',*,*,#2595,.F.);
#1459=ORIENTED_EDGE('',*,*,#2596,.T.);
#1460=ORIENTED_EDGE('',*,*,#2597,.F.);
#1461=ORIENTED_EDGE('',*,*,#2598,.T.);
#1462=ORIENTED_EDGE('',*,*,#2599,.T.);
#1463=ORIENTED_EDGE('',*,*,#2600,.T.);
#1464=ORIENTED_EDGE('',*,*,#2601,.F.);
#1465=ORIENTED_EDGE('',*,*,#2579,.T.);
#1466=ORIENTED_EDGE('',*,*,#2602,.T.);
#1467=ORIENTED_EDGE('',*,*,#2603,.F.);
#1468=ORIENTED_EDGE('',*,*,#2604,.T.);
#1469=ORIENTED_EDGE('',*,*,#2526,.F.);
#1470=ORIENTED_EDGE('',*,*,#2605,.T.);
#1471=ORIENTED_EDGE('',*,*,#2606,.F.);
#1472=ORIENTED_EDGE('',*,*,#2607,.T.);
#1473=ORIENTED_EDGE('',*,*,#2572,.F.);
#1474=ORIENTED_EDGE('',*,*,#2601,.T.);
#1475=ORIENTED_EDGE('',*,*,#2608,.T.);
#1476=ORIENTED_EDGE('',*,*,#2569,.T.);
#1477=ORIENTED_EDGE('',*,*,#2609,.F.);
#1478=ORIENTED_EDGE('',*,*,#2594,.F.);
#1479=ORIENTED_EDGE('',*,*,#2610,.F.);
#1480=ORIENTED_EDGE('',*,*,#2611,.F.);
#1481=ORIENTED_EDGE('',*,*,#2612,.F.);
#1482=ORIENTED_EDGE('',*,*,#2613,.F.);
#1483=ORIENTED_EDGE('',*,*,#2614,.F.);
#1484=ORIENTED_EDGE('',*,*,#2615,.F.);
#1485=ORIENTED_EDGE('',*,*,#2616,.T.);
#1486=ORIENTED_EDGE('',*,*,#2617,.T.);
#1487=ORIENTED_EDGE('',*,*,#2618,.T.);
#1488=ORIENTED_EDGE('',*,*,#2619,.T.);
#1489=ORIENTED_EDGE('',*,*,#2620,.F.);
#1490=ORIENTED_EDGE('',*,*,#2621,.F.);
#1491=ORIENTED_EDGE('',*,*,#2622,.F.);
#1492=ORIENTED_EDGE('',*,*,#2623,.F.);
#1493=ORIENTED_EDGE('',*,*,#2624,.F.);
#1494=ORIENTED_EDGE('',*,*,#2625,.F.);
#1495=ORIENTED_EDGE('',*,*,#2626,.T.);
#1496=ORIENTED_EDGE('',*,*,#2598,.F.);
#1497=ORIENTED_EDGE('',*,*,#2627,.F.);
#1498=ORIENTED_EDGE('',*,*,#2504,.F.);
#1499=ORIENTED_EDGE('',*,*,#2571,.F.);
#1500=ORIENTED_EDGE('',*,*,#2628,.T.);
#1501=ORIENTED_EDGE('',*,*,#2599,.F.);
#1502=ORIENTED_EDGE('',*,*,#2626,.F.);
#1503=ORIENTED_EDGE('',*,*,#2629,.F.);
#1504=ORIENTED_EDGE('',*,*,#2630,.T.);
#1505=ORIENTED_EDGE('',*,*,#2631,.F.);
#1506=ORIENTED_EDGE('',*,*,#2608,.F.);
#1507=ORIENTED_EDGE('',*,*,#2632,.F.);
#1508=ORIENTED_EDGE('',*,*,#2619,.F.);
#1509=ORIENTED_EDGE('',*,*,#2632,.T.);
#1510=ORIENTED_EDGE('',*,*,#2600,.F.);
#1511=ORIENTED_EDGE('',*,*,#2633,.F.);
#1512=ORIENTED_EDGE('',*,*,#2616,.F.);
#1513=ORIENTED_EDGE('',*,*,#2631,.T.);
#1514=ORIENTED_EDGE('',*,*,#2618,.F.);
#1515=ORIENTED_EDGE('',*,*,#2634,.F.);
#1516=ORIENTED_EDGE('',*,*,#2570,.F.);
#1517=ORIENTED_EDGE('',*,*,#2633,.T.);
#1518=ORIENTED_EDGE('',*,*,#2628,.F.);
#1519=ORIENTED_EDGE('',*,*,#2634,.T.);
#1520=ORIENTED_EDGE('',*,*,#2617,.F.);
#1521=ORIENTED_EDGE('',*,*,#2622,.T.);
#1522=ORIENTED_EDGE('',*,*,#2635,.T.);
#1523=ORIENTED_EDGE('',*,*,#2636,.T.);
#1524=ORIENTED_EDGE('',*,*,#2637,.F.);
#1525=ORIENTED_EDGE('',*,*,#2621,.T.);
#1526=ORIENTED_EDGE('',*,*,#2638,.T.);
#1527=ORIENTED_EDGE('',*,*,#2639,.T.);
#1528=ORIENTED_EDGE('',*,*,#2635,.F.);
#1529=ORIENTED_EDGE('',*,*,#2620,.T.);
#1530=ORIENTED_EDGE('',*,*,#2597,.T.);
#1531=ORIENTED_EDGE('',*,*,#2640,.T.);
#1532=ORIENTED_EDGE('',*,*,#2638,.F.);
#1533=ORIENTED_EDGE('',*,*,#2609,.T.);
#1534=ORIENTED_EDGE('',*,*,#2641,.T.);
#1535=ORIENTED_EDGE('',*,*,#2642,.T.);
#1536=ORIENTED_EDGE('',*,*,#2595,.T.);
#1537=ORIENTED_EDGE('',*,*,#2615,.T.);
#1538=ORIENTED_EDGE('',*,*,#2643,.T.);
#1539=ORIENTED_EDGE('',*,*,#2644,.T.);
#1540=ORIENTED_EDGE('',*,*,#2641,.F.);
#1541=ORIENTED_EDGE('',*,*,#2614,.T.);
#1542=ORIENTED_EDGE('',*,*,#2645,.T.);
#1543=ORIENTED_EDGE('',*,*,#2646,.T.);
#1544=ORIENTED_EDGE('',*,*,#2643,.F.);
#1545=ORIENTED_EDGE('',*,*,#2613,.T.);
#1546=ORIENTED_EDGE('',*,*,#2647,.T.);
#1547=ORIENTED_EDGE('',*,*,#2648,.T.);
#1548=ORIENTED_EDGE('',*,*,#2645,.F.);
#1549=ORIENTED_EDGE('',*,*,#2612,.T.);
#1550=ORIENTED_EDGE('',*,*,#2649,.T.);
#1551=ORIENTED_EDGE('',*,*,#2650,.T.);
#1552=ORIENTED_EDGE('',*,*,#2647,.F.);
#1553=ORIENTED_EDGE('',*,*,#2611,.T.);
#1554=ORIENTED_EDGE('',*,*,#2651,.T.);
#1555=ORIENTED_EDGE('',*,*,#2652,.T.);
#1556=ORIENTED_EDGE('',*,*,#2649,.F.);
#1557=ORIENTED_EDGE('',*,*,#2610,.T.);
#1558=ORIENTED_EDGE('',*,*,#2593,.T.);
#1559=ORIENTED_EDGE('',*,*,#2653,.T.);
#1560=ORIENTED_EDGE('',*,*,#2651,.F.);
#1561=ORIENTED_EDGE('',*,*,#2514,.T.);
#1562=ORIENTED_EDGE('',*,*,#2654,.T.);
#1563=ORIENTED_EDGE('',*,*,#2655,.T.);
#1564=ORIENTED_EDGE('',*,*,#2591,.T.);
#1565=ORIENTED_EDGE('',*,*,#2513,.T.);
#1566=ORIENTED_EDGE('',*,*,#2656,.T.);
#1567=ORIENTED_EDGE('',*,*,#2657,.T.);
#1568=ORIENTED_EDGE('',*,*,#2654,.F.);
#1569=ORIENTED_EDGE('',*,*,#2512,.T.);
#1570=ORIENTED_EDGE('',*,*,#2658,.T.);
#1571=ORIENTED_EDGE('',*,*,#2659,.T.);
#1572=ORIENTED_EDGE('',*,*,#2656,.F.);
#1573=ORIENTED_EDGE('',*,*,#2511,.T.);
#1574=ORIENTED_EDGE('',*,*,#2660,.T.);
#1575=ORIENTED_EDGE('',*,*,#2661,.T.);
#1576=ORIENTED_EDGE('',*,*,#2658,.F.);
#1577=ORIENTED_EDGE('',*,*,#2510,.T.);
#1578=ORIENTED_EDGE('',*,*,#2662,.T.);
#1579=ORIENTED_EDGE('',*,*,#2663,.T.);
#1580=ORIENTED_EDGE('',*,*,#2660,.F.);
#1581=ORIENTED_EDGE('',*,*,#2509,.T.);
#1582=ORIENTED_EDGE('',*,*,#2664,.T.);
#1583=ORIENTED_EDGE('',*,*,#2665,.T.);
#1584=ORIENTED_EDGE('',*,*,#2662,.F.);
#1585=ORIENTED_EDGE('',*,*,#2508,.T.);
#1586=ORIENTED_EDGE('',*,*,#2666,.T.);
#1587=ORIENTED_EDGE('',*,*,#2667,.T.);
#1588=ORIENTED_EDGE('',*,*,#2664,.F.);
#1589=ORIENTED_EDGE('',*,*,#2507,.T.);
#1590=ORIENTED_EDGE('',*,*,#2668,.T.);
#1591=ORIENTED_EDGE('',*,*,#2669,.T.);
#1592=ORIENTED_EDGE('',*,*,#2666,.F.);
#1593=ORIENTED_EDGE('',*,*,#2506,.T.);
#1594=ORIENTED_EDGE('',*,*,#2670,.T.);
#1595=ORIENTED_EDGE('',*,*,#2671,.T.);
#1596=ORIENTED_EDGE('',*,*,#2668,.F.);
#1597=ORIENTED_EDGE('',*,*,#2505,.T.);
#1598=ORIENTED_EDGE('',*,*,#2627,.T.);
#1599=ORIENTED_EDGE('',*,*,#2672,.T.);
#1600=ORIENTED_EDGE('',*,*,#2670,.F.);
#1601=ORIENTED_EDGE('',*,*,#2625,.T.);
#1602=ORIENTED_EDGE('',*,*,#2673,.T.);
#1603=ORIENTED_EDGE('',*,*,#2674,.T.);
#1604=ORIENTED_EDGE('',*,*,#2629,.T.);
#1605=ORIENTED_EDGE('',*,*,#2624,.T.);
#1606=ORIENTED_EDGE('',*,*,#2675,.T.);
#1607=ORIENTED_EDGE('',*,*,#2676,.T.);
#1608=ORIENTED_EDGE('',*,*,#2673,.F.);
#1609=ORIENTED_EDGE('',*,*,#2623,.T.);
#1610=ORIENTED_EDGE('',*,*,#2637,.T.);
#1611=ORIENTED_EDGE('',*,*,#2677,.T.);
#1612=ORIENTED_EDGE('',*,*,#2675,.F.);
#1613=ORIENTED_EDGE('',*,*,#2674,.F.);
#1614=ORIENTED_EDGE('',*,*,#2676,.F.);
#1615=ORIENTED_EDGE('',*,*,#2677,.F.);
#1616=ORIENTED_EDGE('',*,*,#2636,.F.);
#1617=ORIENTED_EDGE('',*,*,#2639,.F.);
#1618=ORIENTED_EDGE('',*,*,#2640,.F.);
#1619=ORIENTED_EDGE('',*,*,#2596,.F.);
#1620=ORIENTED_EDGE('',*,*,#2642,.F.);
#1621=ORIENTED_EDGE('',*,*,#2644,.F.);
#1622=ORIENTED_EDGE('',*,*,#2646,.F.);
#1623=ORIENTED_EDGE('',*,*,#2648,.F.);
#1624=ORIENTED_EDGE('',*,*,#2650,.F.);
#1625=ORIENTED_EDGE('',*,*,#2652,.F.);
#1626=ORIENTED_EDGE('',*,*,#2653,.F.);
#1627=ORIENTED_EDGE('',*,*,#2592,.F.);
#1628=ORIENTED_EDGE('',*,*,#2655,.F.);
#1629=ORIENTED_EDGE('',*,*,#2657,.F.);
#1630=ORIENTED_EDGE('',*,*,#2659,.F.);
#1631=ORIENTED_EDGE('',*,*,#2661,.F.);
#1632=ORIENTED_EDGE('',*,*,#2663,.F.);
#1633=ORIENTED_EDGE('',*,*,#2665,.F.);
#1634=ORIENTED_EDGE('',*,*,#2667,.F.);
#1635=ORIENTED_EDGE('',*,*,#2669,.F.);
#1636=ORIENTED_EDGE('',*,*,#2671,.F.);
#1637=ORIENTED_EDGE('',*,*,#2672,.F.);
#1638=ORIENTED_EDGE('',*,*,#2630,.F.);
#1639=ORIENTED_EDGE('',*,*,#2678,.T.);
#1640=ORIENTED_EDGE('',*,*,#2679,.F.);
#1641=ORIENTED_EDGE('',*,*,#2680,.F.);
#1642=ORIENTED_EDGE('',*,*,#2520,.F.);
#1643=ORIENTED_EDGE('',*,*,#2680,.T.);
#1644=ORIENTED_EDGE('',*,*,#2681,.F.);
#1645=ORIENTED_EDGE('',*,*,#2682,.F.);
#1646=ORIENTED_EDGE('',*,*,#2521,.F.);
#1647=ORIENTED_EDGE('',*,*,#2682,.T.);
#1648=ORIENTED_EDGE('',*,*,#2683,.F.);
#1649=ORIENTED_EDGE('',*,*,#2684,.F.);
#1650=ORIENTED_EDGE('',*,*,#2522,.F.);
#1651=ORIENTED_EDGE('',*,*,#2684,.T.);
#1652=ORIENTED_EDGE('',*,*,#2685,.F.);
#1653=ORIENTED_EDGE('',*,*,#2686,.F.);
#1654=ORIENTED_EDGE('',*,*,#2523,.F.);
#1655=ORIENTED_EDGE('',*,*,#2686,.T.);
#1656=ORIENTED_EDGE('',*,*,#2687,.F.);
#1657=ORIENTED_EDGE('',*,*,#2688,.F.);
#1658=ORIENTED_EDGE('',*,*,#2524,.F.);
#1659=ORIENTED_EDGE('',*,*,#2688,.T.);
#1660=ORIENTED_EDGE('',*,*,#2689,.F.);
#1661=ORIENTED_EDGE('',*,*,#2605,.F.);
#1662=ORIENTED_EDGE('',*,*,#2525,.F.);
#1663=ORIENTED_EDGE('',*,*,#2607,.F.);
#1664=ORIENTED_EDGE('',*,*,#2690,.F.);
#1665=ORIENTED_EDGE('',*,*,#2691,.F.);
#1666=ORIENTED_EDGE('',*,*,#2573,.F.);
#1667=ORIENTED_EDGE('',*,*,#2691,.T.);
#1668=ORIENTED_EDGE('',*,*,#2692,.F.);
#1669=ORIENTED_EDGE('',*,*,#2693,.F.);
#1670=ORIENTED_EDGE('',*,*,#2574,.F.);
#1671=ORIENTED_EDGE('',*,*,#2693,.T.);
#1672=ORIENTED_EDGE('',*,*,#2694,.F.);
#1673=ORIENTED_EDGE('',*,*,#2695,.F.);
#1674=ORIENTED_EDGE('',*,*,#2575,.F.);
#1675=ORIENTED_EDGE('',*,*,#2695,.T.);
#1676=ORIENTED_EDGE('',*,*,#2696,.F.);
#1677=ORIENTED_EDGE('',*,*,#2697,.F.);
#1678=ORIENTED_EDGE('',*,*,#2576,.F.);
#1679=ORIENTED_EDGE('',*,*,#2697,.T.);
#1680=ORIENTED_EDGE('',*,*,#2698,.F.);
#1681=ORIENTED_EDGE('',*,*,#2699,.F.);
#1682=ORIENTED_EDGE('',*,*,#2577,.F.);
#1683=ORIENTED_EDGE('',*,*,#2699,.T.);
#1684=ORIENTED_EDGE('',*,*,#2700,.F.);
#1685=ORIENTED_EDGE('',*,*,#2602,.F.);
#1686=ORIENTED_EDGE('',*,*,#2578,.F.);
#1687=ORIENTED_EDGE('',*,*,#2604,.F.);
#1688=ORIENTED_EDGE('',*,*,#2701,.F.);
#1689=ORIENTED_EDGE('',*,*,#2702,.F.);
#1690=ORIENTED_EDGE('',*,*,#2581,.F.);
#1691=ORIENTED_EDGE('',*,*,#2702,.T.);
#1692=ORIENTED_EDGE('',*,*,#2703,.F.);
#1693=ORIENTED_EDGE('',*,*,#2704,.F.);
#1694=ORIENTED_EDGE('',*,*,#2582,.F.);
#1695=ORIENTED_EDGE('',*,*,#2704,.T.);
#1696=ORIENTED_EDGE('',*,*,#2705,.F.);
#1697=ORIENTED_EDGE('',*,*,#2706,.F.);
#1698=ORIENTED_EDGE('',*,*,#2583,.F.);
#1699=ORIENTED_EDGE('',*,*,#2706,.T.);
#1700=ORIENTED_EDGE('',*,*,#2707,.F.);
#1701=ORIENTED_EDGE('',*,*,#2708,.F.);
#1702=ORIENTED_EDGE('',*,*,#2584,.F.);
#1703=ORIENTED_EDGE('',*,*,#2708,.T.);
#1704=ORIENTED_EDGE('',*,*,#2709,.F.);
#1705=ORIENTED_EDGE('',*,*,#2710,.F.);
#1706=ORIENTED_EDGE('',*,*,#2585,.F.);
#1707=ORIENTED_EDGE('',*,*,#2710,.T.);
#1708=ORIENTED_EDGE('',*,*,#2711,.F.);
#1709=ORIENTED_EDGE('',*,*,#2712,.F.);
#1710=ORIENTED_EDGE('',*,*,#2586,.F.);
#1711=ORIENTED_EDGE('',*,*,#2712,.T.);
#1712=ORIENTED_EDGE('',*,*,#2713,.F.);
#1713=ORIENTED_EDGE('',*,*,#2588,.F.);
#1714=ORIENTED_EDGE('',*,*,#2587,.F.);
#1715=ORIENTED_EDGE('',*,*,#2590,.F.);
#1716=ORIENTED_EDGE('',*,*,#2714,.F.);
#1717=ORIENTED_EDGE('',*,*,#2715,.F.);
#1718=ORIENTED_EDGE('',*,*,#2516,.F.);
#1719=ORIENTED_EDGE('',*,*,#2715,.T.);
#1720=ORIENTED_EDGE('',*,*,#2716,.F.);
#1721=ORIENTED_EDGE('',*,*,#2717,.F.);
#1722=ORIENTED_EDGE('',*,*,#2517,.F.);
#1723=ORIENTED_EDGE('',*,*,#2717,.T.);
#1724=ORIENTED_EDGE('',*,*,#2718,.F.);
#1725=ORIENTED_EDGE('',*,*,#2719,.F.);
#1726=ORIENTED_EDGE('',*,*,#2518,.F.);
#1727=ORIENTED_EDGE('',*,*,#2719,.T.);
#1728=ORIENTED_EDGE('',*,*,#2720,.F.);
#1729=ORIENTED_EDGE('',*,*,#2678,.F.);
#1730=ORIENTED_EDGE('',*,*,#2519,.F.);
#1731=ORIENTED_EDGE('',*,*,#2589,.T.);
#1732=ORIENTED_EDGE('',*,*,#2713,.T.);
#1733=ORIENTED_EDGE('',*,*,#2711,.T.);
#1734=ORIENTED_EDGE('',*,*,#2709,.T.);
#1735=ORIENTED_EDGE('',*,*,#2707,.T.);
#1736=ORIENTED_EDGE('',*,*,#2705,.T.);
#1737=ORIENTED_EDGE('',*,*,#2703,.T.);
#1738=ORIENTED_EDGE('',*,*,#2701,.T.);
#1739=ORIENTED_EDGE('',*,*,#2603,.T.);
#1740=ORIENTED_EDGE('',*,*,#2700,.T.);
#1741=ORIENTED_EDGE('',*,*,#2698,.T.);
#1742=ORIENTED_EDGE('',*,*,#2696,.T.);
#1743=ORIENTED_EDGE('',*,*,#2694,.T.);
#1744=ORIENTED_EDGE('',*,*,#2692,.T.);
#1745=ORIENTED_EDGE('',*,*,#2690,.T.);
#1746=ORIENTED_EDGE('',*,*,#2606,.T.);
#1747=ORIENTED_EDGE('',*,*,#2689,.T.);
#1748=ORIENTED_EDGE('',*,*,#2687,.T.);
#1749=ORIENTED_EDGE('',*,*,#2685,.T.);
#1750=ORIENTED_EDGE('',*,*,#2683,.T.);
#1751=ORIENTED_EDGE('',*,*,#2681,.T.);
#1752=ORIENTED_EDGE('',*,*,#2679,.T.);
#1753=ORIENTED_EDGE('',*,*,#2720,.T.);
#1754=ORIENTED_EDGE('',*,*,#2718,.T.);
#1755=ORIENTED_EDGE('',*,*,#2716,.T.);
#1756=ORIENTED_EDGE('',*,*,#2714,.T.);
#1757=ORIENTED_EDGE('',*,*,#2567,.T.);
#1758=ORIENTED_EDGE('',*,*,#2721,.T.);
#1759=ORIENTED_EDGE('',*,*,#2722,.F.);
#1760=ORIENTED_EDGE('',*,*,#2723,.F.);
#1761=ORIENTED_EDGE('',*,*,#2724,.F.);
#1762=ORIENTED_EDGE('',*,*,#2725,.F.);
#1763=ORIENTED_EDGE('',*,*,#2726,.F.);
#1764=ORIENTED_EDGE('',*,*,#2727,.F.);
#1765=ORIENTED_EDGE('',*,*,#2532,.T.);
#1766=ORIENTED_EDGE('',*,*,#2728,.F.);
#1767=ORIENTED_EDGE('',*,*,#2723,.T.);
#1768=ORIENTED_EDGE('',*,*,#2729,.F.);
#1769=ORIENTED_EDGE('',*,*,#2531,.T.);
#1770=ORIENTED_EDGE('',*,*,#2730,.F.);
#1771=ORIENTED_EDGE('',*,*,#2724,.T.);
#1772=ORIENTED_EDGE('',*,*,#2728,.T.);
#1773=ORIENTED_EDGE('',*,*,#2530,.T.);
#1774=ORIENTED_EDGE('',*,*,#2731,.T.);
#1775=ORIENTED_EDGE('',*,*,#2725,.T.);
#1776=ORIENTED_EDGE('',*,*,#2730,.T.);
#1777=ORIENTED_EDGE('',*,*,#2729,.T.);
#1778=ORIENTED_EDGE('',*,*,#2722,.T.);
#1779=ORIENTED_EDGE('',*,*,#2732,.T.);
#1780=ORIENTED_EDGE('',*,*,#2533,.F.);
#1781=ORIENTED_EDGE('',*,*,#2732,.F.);
#1782=ORIENTED_EDGE('',*,*,#2721,.F.);
#1783=ORIENTED_EDGE('',*,*,#2566,.F.);
#1784=ORIENTED_EDGE('',*,*,#2534,.F.);
#1785=ORIENTED_EDGE('',*,*,#2733,.F.);
#1786=ORIENTED_EDGE('',*,*,#2726,.T.);
#1787=ORIENTED_EDGE('',*,*,#2731,.F.);
#1788=ORIENTED_EDGE('',*,*,#2529,.F.);
#1789=ORIENTED_EDGE('',*,*,#2568,.F.);
#1790=ORIENTED_EDGE('',*,*,#2727,.T.);
#1791=ORIENTED_EDGE('',*,*,#2733,.T.);
#1792=ORIENTED_EDGE('',*,*,#2528,.F.);
#1793=ORIENTED_EDGE('',*,*,#2564,.T.);
#1794=ORIENTED_EDGE('',*,*,#2734,.T.);
#1795=ORIENTED_EDGE('',*,*,#2735,.F.);
#1796=ORIENTED_EDGE('',*,*,#2736,.F.);
#1797=ORIENTED_EDGE('',*,*,#2737,.F.);
#1798=ORIENTED_EDGE('',*,*,#2738,.F.);
#1799=ORIENTED_EDGE('',*,*,#2739,.F.);
#1800=ORIENTED_EDGE('',*,*,#2740,.F.);
#1801=ORIENTED_EDGE('',*,*,#2540,.T.);
#1802=ORIENTED_EDGE('',*,*,#2741,.F.);
#1803=ORIENTED_EDGE('',*,*,#2736,.T.);
#1804=ORIENTED_EDGE('',*,*,#2742,.F.);
#1805=ORIENTED_EDGE('',*,*,#2539,.T.);
#1806=ORIENTED_EDGE('',*,*,#2743,.F.);
#1807=ORIENTED_EDGE('',*,*,#2737,.T.);
#1808=ORIENTED_EDGE('',*,*,#2741,.T.);
#1809=ORIENTED_EDGE('',*,*,#2538,.T.);
#1810=ORIENTED_EDGE('',*,*,#2744,.T.);
#1811=ORIENTED_EDGE('',*,*,#2738,.T.);
#1812=ORIENTED_EDGE('',*,*,#2743,.T.);
#1813=ORIENTED_EDGE('',*,*,#2742,.T.);
#1814=ORIENTED_EDGE('',*,*,#2735,.T.);
#1815=ORIENTED_EDGE('',*,*,#2745,.T.);
#1816=ORIENTED_EDGE('',*,*,#2541,.F.);
#1817=ORIENTED_EDGE('',*,*,#2745,.F.);
#1818=ORIENTED_EDGE('',*,*,#2734,.F.);
#1819=ORIENTED_EDGE('',*,*,#2563,.F.);
#1820=ORIENTED_EDGE('',*,*,#2542,.F.);
#1821=ORIENTED_EDGE('',*,*,#2746,.F.);
#1822=ORIENTED_EDGE('',*,*,#2739,.T.);
#1823=ORIENTED_EDGE('',*,*,#2744,.F.);
#1824=ORIENTED_EDGE('',*,*,#2537,.F.);
#1825=ORIENTED_EDGE('',*,*,#2565,.F.);
#1826=ORIENTED_EDGE('',*,*,#2740,.T.);
#1827=ORIENTED_EDGE('',*,*,#2746,.T.);
#1828=ORIENTED_EDGE('',*,*,#2536,.F.);
#1829=ORIENTED_EDGE('',*,*,#2561,.T.);
#1830=ORIENTED_EDGE('',*,*,#2747,.T.);
#1831=ORIENTED_EDGE('',*,*,#2748,.F.);
#1832=ORIENTED_EDGE('',*,*,#2749,.F.);
#1833=ORIENTED_EDGE('',*,*,#2750,.F.);
#1834=ORIENTED_EDGE('',*,*,#2751,.F.);
#1835=ORIENTED_EDGE('',*,*,#2752,.F.);
#1836=ORIENTED_EDGE('',*,*,#2753,.F.);
#1837=ORIENTED_EDGE('',*,*,#2548,.T.);
#1838=ORIENTED_EDGE('',*,*,#2754,.F.);
#1839=ORIENTED_EDGE('',*,*,#2749,.T.);
#1840=ORIENTED_EDGE('',*,*,#2755,.F.);
#1841=ORIENTED_EDGE('',*,*,#2547,.T.);
#1842=ORIENTED_EDGE('',*,*,#2756,.F.);
#1843=ORIENTED_EDGE('',*,*,#2750,.T.);
#1844=ORIENTED_EDGE('',*,*,#2754,.T.);
#1845=ORIENTED_EDGE('',*,*,#2546,.T.);
#1846=ORIENTED_EDGE('',*,*,#2757,.T.);
#1847=ORIENTED_EDGE('',*,*,#2751,.T.);
#1848=ORIENTED_EDGE('',*,*,#2756,.T.);
#1849=ORIENTED_EDGE('',*,*,#2755,.T.);
#1850=ORIENTED_EDGE('',*,*,#2748,.T.);
#1851=ORIENTED_EDGE('',*,*,#2758,.T.);
#1852=ORIENTED_EDGE('',*,*,#2549,.F.);
#1853=ORIENTED_EDGE('',*,*,#2758,.F.);
#1854=ORIENTED_EDGE('',*,*,#2747,.F.);
#1855=ORIENTED_EDGE('',*,*,#2560,.F.);
#1856=ORIENTED_EDGE('',*,*,#2550,.F.);
#1857=ORIENTED_EDGE('',*,*,#2759,.F.);
#1858=ORIENTED_EDGE('',*,*,#2752,.T.);
#1859=ORIENTED_EDGE('',*,*,#2757,.F.);
#1860=ORIENTED_EDGE('',*,*,#2545,.F.);
#1861=ORIENTED_EDGE('',*,*,#2562,.F.);
#1862=ORIENTED_EDGE('',*,*,#2753,.T.);
#1863=ORIENTED_EDGE('',*,*,#2759,.T.);
#1864=ORIENTED_EDGE('',*,*,#2544,.F.);
#1865=ORIENTED_EDGE('',*,*,#2558,.T.);
#1866=ORIENTED_EDGE('',*,*,#2760,.T.);
#1867=ORIENTED_EDGE('',*,*,#2761,.F.);
#1868=ORIENTED_EDGE('',*,*,#2762,.F.);
#1869=ORIENTED_EDGE('',*,*,#2763,.F.);
#1870=ORIENTED_EDGE('',*,*,#2764,.F.);
#1871=ORIENTED_EDGE('',*,*,#2765,.F.);
#1872=ORIENTED_EDGE('',*,*,#2766,.F.);
#1873=ORIENTED_EDGE('',*,*,#2556,.T.);
#1874=ORIENTED_EDGE('',*,*,#2767,.F.);
#1875=ORIENTED_EDGE('',*,*,#2762,.T.);
#1876=ORIENTED_EDGE('',*,*,#2768,.F.);
#1877=ORIENTED_EDGE('',*,*,#2555,.T.);
#1878=ORIENTED_EDGE('',*,*,#2769,.F.);
#1879=ORIENTED_EDGE('',*,*,#2763,.T.);
#1880=ORIENTED_EDGE('',*,*,#2767,.T.);
#1881=ORIENTED_EDGE('',*,*,#2554,.T.);
#1882=ORIENTED_EDGE('',*,*,#2770,.T.);
#1883=ORIENTED_EDGE('',*,*,#2764,.T.);
#1884=ORIENTED_EDGE('',*,*,#2769,.T.);
#1885=ORIENTED_EDGE('',*,*,#2768,.T.);
#1886=ORIENTED_EDGE('',*,*,#2761,.T.);
#1887=ORIENTED_EDGE('',*,*,#2771,.T.);
#1888=ORIENTED_EDGE('',*,*,#2501,.F.);
#1889=ORIENTED_EDGE('',*,*,#2771,.F.);
#1890=ORIENTED_EDGE('',*,*,#2760,.F.);
#1891=ORIENTED_EDGE('',*,*,#2557,.F.);
#1892=ORIENTED_EDGE('',*,*,#2502,.F.);
#1893=ORIENTED_EDGE('',*,*,#2772,.F.);
#1894=ORIENTED_EDGE('',*,*,#2765,.T.);
#1895=ORIENTED_EDGE('',*,*,#2770,.F.);
#1896=ORIENTED_EDGE('',*,*,#2553,.F.);
#1897=ORIENTED_EDGE('',*,*,#2559,.F.);
#1898=ORIENTED_EDGE('',*,*,#2766,.T.);
#1899=ORIENTED_EDGE('',*,*,#2772,.T.);
#1900=ORIENTED_EDGE('',*,*,#2552,.F.);
#1901=VERTEX_POINT('',#4920);
#1902=VERTEX_POINT('',#4921);
#1903=VERTEX_POINT('',#4923);
#1904=VERTEX_POINT('',#4925);
#1905=VERTEX_POINT('',#4929);
#1906=VERTEX_POINT('',#4931);
#1907=VERTEX_POINT('',#4935);
#1908=VERTEX_POINT('',#4937);
#1909=VERTEX_POINT('',#4941);
#1910=VERTEX_POINT('',#4943);
#1911=VERTEX_POINT('',#4947);
#1912=VERTEX_POINT('',#4949);
#1913=VERTEX_POINT('',#4953);
#1914=VERTEX_POINT('',#4955);
#1915=VERTEX_POINT('',#4959);
#1916=VERTEX_POINT('',#4961);
#1917=VERTEX_POINT('',#4965);
#1918=VERTEX_POINT('',#4967);
#1919=VERTEX_POINT('',#4971);
#1920=VERTEX_POINT('',#4973);
#1921=VERTEX_POINT('',#4977);
#1922=VERTEX_POINT('',#4979);
#1923=VERTEX_POINT('',#4983);
#1924=VERTEX_POINT('',#4985);
#1925=VERTEX_POINT('',#4989);
#1926=VERTEX_POINT('',#4991);
#1927=VERTEX_POINT('',#4995);
#1928=VERTEX_POINT('',#4997);
#1929=VERTEX_POINT('',#5001);
#1930=VERTEX_POINT('',#5003);
#1931=VERTEX_POINT('',#5007);
#1932=VERTEX_POINT('',#5009);
#1933=VERTEX_POINT('',#5013);
#1934=VERTEX_POINT('',#5015);
#1935=VERTEX_POINT('',#5019);
#1936=VERTEX_POINT('',#5021);
#1937=VERTEX_POINT('',#5025);
#1938=VERTEX_POINT('',#5027);
#1939=VERTEX_POINT('',#5031);
#1940=VERTEX_POINT('',#5033);
#1941=VERTEX_POINT('',#5037);
#1942=VERTEX_POINT('',#5039);
#1943=VERTEX_POINT('',#5043);
#1944=VERTEX_POINT('',#5045);
#1945=VERTEX_POINT('',#5049);
#1946=VERTEX_POINT('',#5051);
#1947=VERTEX_POINT('',#5055);
#1948=VERTEX_POINT('',#5057);
#1949=VERTEX_POINT('',#5061);
#1950=VERTEX_POINT('',#5063);
#1951=VERTEX_POINT('',#5067);
#1952=VERTEX_POINT('',#5069);
#1953=VERTEX_POINT('',#5078);
#1954=VERTEX_POINT('',#5079);
#1955=VERTEX_POINT('',#5081);
#1956=VERTEX_POINT('',#5083);
#1957=VERTEX_POINT('',#5087);
#1958=VERTEX_POINT('',#5089);
#1959=VERTEX_POINT('',#5093);
#1960=VERTEX_POINT('',#5095);
#1961=VERTEX_POINT('',#5099);
#1962=VERTEX_POINT('',#5101);
#1963=VERTEX_POINT('',#5105);
#1964=VERTEX_POINT('',#5107);
#1965=VERTEX_POINT('',#5111);
#1966=VERTEX_POINT('',#5113);
#1967=VERTEX_POINT('',#5117);
#1968=VERTEX_POINT('',#5119);
#1969=VERTEX_POINT('',#5123);
#1970=VERTEX_POINT('',#5125);
#1971=VERTEX_POINT('',#5129);
#1972=VERTEX_POINT('',#5131);
#1973=VERTEX_POINT('',#5135);
#1974=VERTEX_POINT('',#5137);
#1975=VERTEX_POINT('',#5141);
#1976=VERTEX_POINT('',#5143);
#1977=VERTEX_POINT('',#5147);
#1978=VERTEX_POINT('',#5149);
#1979=VERTEX_POINT('',#5153);
#1980=VERTEX_POINT('',#5155);
#1981=VERTEX_POINT('',#5159);
#1982=VERTEX_POINT('',#5161);
#1983=VERTEX_POINT('',#5165);
#1984=VERTEX_POINT('',#5167);
#1985=VERTEX_POINT('',#5171);
#1986=VERTEX_POINT('',#5173);
#1987=VERTEX_POINT('',#5177);
#1988=VERTEX_POINT('',#5179);
#1989=VERTEX_POINT('',#5183);
#1990=VERTEX_POINT('',#5185);
#1991=VERTEX_POINT('',#5189);
#1992=VERTEX_POINT('',#5191);
#1993=VERTEX_POINT('',#5195);
#1994=VERTEX_POINT('',#5197);
#1995=VERTEX_POINT('',#5201);
#1996=VERTEX_POINT('',#5203);
#1997=VERTEX_POINT('',#5207);
#1998=VERTEX_POINT('',#5209);
#1999=VERTEX_POINT('',#5213);
#2000=VERTEX_POINT('',#5215);
#2001=VERTEX_POINT('',#5219);
#2002=VERTEX_POINT('',#5221);
#2003=VERTEX_POINT('',#5225);
#2004=VERTEX_POINT('',#5227);
#2005=VERTEX_POINT('',#5236);
#2006=VERTEX_POINT('',#5237);
#2007=VERTEX_POINT('',#5239);
#2008=VERTEX_POINT('',#5241);
#2009=VERTEX_POINT('',#5243);
#2010=VERTEX_POINT('',#5245);
#2011=VERTEX_POINT('',#5247);
#2012=VERTEX_POINT('',#5249);
#2013=VERTEX_POINT('',#5253);
#2014=VERTEX_POINT('',#5255);
#2015=VERTEX_POINT('',#5259);
#2016=VERTEX_POINT('',#5263);
#2017=VERTEX_POINT('',#5267);
#2018=VERTEX_POINT('',#5269);
#2019=VERTEX_POINT('',#5271);
#2020=VERTEX_POINT('',#5273);
#2021=VERTEX_POINT('',#5286);
#2022=VERTEX_POINT('',#5287);
#2023=VERTEX_POINT('',#5289);
#2024=VERTEX_POINT('',#5291);
#2025=VERTEX_POINT('',#5293);
#2026=VERTEX_POINT('',#5295);
#2027=VERTEX_POINT('',#5297);
#2028=VERTEX_POINT('',#5299);
#2029=VERTEX_POINT('',#5303);
#2030=VERTEX_POINT('',#5305);
#2031=VERTEX_POINT('',#5309);
#2032=VERTEX_POINT('',#5313);
#2033=VERTEX_POINT('',#5317);
#2034=VERTEX_POINT('',#5319);
#2035=VERTEX_POINT('',#5321);
#2036=VERTEX_POINT('',#5323);
#2037=VERTEX_POINT('',#5336);
#2038=VERTEX_POINT('',#5337);
#2039=VERTEX_POINT('',#5339);
#2040=VERTEX_POINT('',#5341);
#2041=VERTEX_POINT('',#5343);
#2042=VERTEX_POINT('',#5345);
#2043=VERTEX_POINT('',#5347);
#2044=VERTEX_POINT('',#5349);
#2045=VERTEX_POINT('',#5353);
#2046=VERTEX_POINT('',#5355);
#2047=VERTEX_POINT('',#5359);
#2048=VERTEX_POINT('',#5363);
#2049=VERTEX_POINT('',#5367);
#2050=VERTEX_POINT('',#5369);
#2051=VERTEX_POINT('',#5371);
#2052=VERTEX_POINT('',#5373);
#2053=VERTEX_POINT('',#5386);
#2054=VERTEX_POINT('',#5387);
#2055=VERTEX_POINT('',#5389);
#2056=VERTEX_POINT('',#5391);
#2057=VERTEX_POINT('',#5393);
#2058=VERTEX_POINT('',#5395);
#2059=VERTEX_POINT('',#5397);
#2060=VERTEX_POINT('',#5399);
#2061=VERTEX_POINT('',#5403);
#2062=VERTEX_POINT('',#5405);
#2063=VERTEX_POINT('',#5409);
#2064=VERTEX_POINT('',#5413);
#2065=VERTEX_POINT('',#5417);
#2066=VERTEX_POINT('',#5419);
#2067=VERTEX_POINT('',#5421);
#2068=VERTEX_POINT('',#5423);
#2069=VERTEX_POINT('',#5436);
#2070=VERTEX_POINT('',#5437);
#2071=VERTEX_POINT('',#5439);
#2072=VERTEX_POINT('',#5441);
#2073=VERTEX_POINT('',#5443);
#2074=VERTEX_POINT('',#5445);
#2075=VERTEX_POINT('',#5447);
#2076=VERTEX_POINT('',#5449);
#2077=VERTEX_POINT('',#5451);
#2078=VERTEX_POINT('',#5453);
#2079=VERTEX_POINT('',#5455);
#2080=VERTEX_POINT('',#5457);
#2081=VERTEX_POINT('',#5459);
#2082=VERTEX_POINT('',#5461);
#2083=VERTEX_POINT('',#5463);
#2084=VERTEX_POINT('',#5465);
#2085=VERTEX_POINT('',#5467);
#2086=VERTEX_POINT('',#5469);
#2087=VERTEX_POINT('',#5471);
#2088=VERTEX_POINT('',#5473);
#2089=VERTEX_POINT('',#5475);
#2090=VERTEX_POINT('',#5477);
#2091=VERTEX_POINT('',#5479);
#2092=VERTEX_POINT('',#5481);
#2093=VERTEX_POINT('',#5483);
#2094=VERTEX_POINT('',#5485);
#2095=VERTEX_POINT('',#5487);
#2096=VERTEX_POINT('',#5489);
#2097=VERTEX_POINT('',#5491);
#2098=VERTEX_POINT('',#5493);
#2099=VERTEX_POINT('',#5495);
#2100=VERTEX_POINT('',#5497);
#2101=VERTEX_POINT('',#5499);
#2102=VERTEX_POINT('',#5501);
#2103=VERTEX_POINT('',#5503);
#2104=VERTEX_POINT('',#5505);
#2105=VERTEX_POINT('',#5507);
#2106=VERTEX_POINT('',#5509);
#2107=VERTEX_POINT('',#5511);
#2108=VERTEX_POINT('',#5513);
#2109=VERTEX_POINT('',#5515);
#2110=VERTEX_POINT('',#5517);
#2111=VERTEX_POINT('',#5519);
#2112=VERTEX_POINT('',#5521);
#2113=VERTEX_POINT('',#5523);
#2114=VERTEX_POINT('',#5525);
#2115=VERTEX_POINT('',#5527);
#2116=VERTEX_POINT('',#5529);
#2117=VERTEX_POINT('',#5531);
#2118=VERTEX_POINT('',#5533);
#2119=VERTEX_POINT('',#5535);
#2120=VERTEX_POINT('',#5537);
#2121=VERTEX_POINT('',#5539);
#2122=VERTEX_POINT('',#5541);
#2123=VERTEX_POINT('',#5543);
#2124=VERTEX_POINT('',#5545);
#2125=VERTEX_POINT('',#5549);
#2126=VERTEX_POINT('',#5551);
#2127=VERTEX_POINT('',#5554);
#2128=VERTEX_POINT('',#5556);
#2129=VERTEX_POINT('',#5559);
#2130=VERTEX_POINT('',#5561);
#2131=VERTEX_POINT('',#5564);
#2132=VERTEX_POINT('',#5566);
#2133=VERTEX_POINT('',#5569);
#2134=VERTEX_POINT('',#5571);
#2135=VERTEX_POINT('',#5575);
#2136=VERTEX_POINT('',#5576);
#2137=VERTEX_POINT('',#5578);
#2138=VERTEX_POINT('',#5580);
#2139=VERTEX_POINT('',#5582);
#2140=VERTEX_POINT('',#5584);
#2141=VERTEX_POINT('',#5586);
#2142=VERTEX_POINT('',#5588);
#2143=VERTEX_POINT('',#5592);
#2144=VERTEX_POINT('',#5593);
#2145=VERTEX_POINT('',#5595);
#2146=VERTEX_POINT('',#5597);
#2147=VERTEX_POINT('',#5599);
#2148=VERTEX_POINT('',#5601);
#2149=VERTEX_POINT('',#5603);
#2150=VERTEX_POINT('',#5605);
#2151=VERTEX_POINT('',#5609);
#2152=VERTEX_POINT('',#5611);
#2153=VERTEX_POINT('',#5614);
#2154=VERTEX_POINT('',#5616);
#2155=VERTEX_POINT('',#5618);
#2156=VERTEX_POINT('',#5620);
#2157=VERTEX_POINT('',#5622);
#2158=VERTEX_POINT('',#5624);
#2159=VERTEX_POINT('',#5626);
#2160=VERTEX_POINT('',#5628);
#2161=VERTEX_POINT('',#5630);
#2162=VERTEX_POINT('',#5632);
#2163=VERTEX_POINT('',#5635);
#2164=VERTEX_POINT('',#5637);
#2165=VERTEX_POINT('',#5641);
#2166=VERTEX_POINT('',#5643);
#2167=VERTEX_POINT('',#5648);
#2168=VERTEX_POINT('',#5650);
#2169=VERTEX_POINT('',#5652);
#2170=VERTEX_POINT('',#5654);
#2171=VERTEX_POINT('',#5656);
#2172=VERTEX_POINT('',#5658);
#2173=VERTEX_POINT('',#5662);
#2174=VERTEX_POINT('',#5663);
#2175=VERTEX_POINT('',#5665);
#2176=VERTEX_POINT('',#5667);
#2177=VERTEX_POINT('',#5671);
#2178=VERTEX_POINT('',#5673);
#2179=VERTEX_POINT('',#5675);
#2180=VERTEX_POINT('',#5677);
#2181=VERTEX_POINT('',#5679);
#2182=VERTEX_POINT('',#5681);
#2183=VERTEX_POINT('',#5685);
#2184=VERTEX_POINT('',#5688);
#2185=VERTEX_POINT('',#5700);
#2186=VERTEX_POINT('',#5702);
#2187=VERTEX_POINT('',#5706);
#2188=VERTEX_POINT('',#5712);
#2189=VERTEX_POINT('',#5716);
#2190=VERTEX_POINT('',#5720);
#2191=VERTEX_POINT('',#5724);
#2192=VERTEX_POINT('',#5728);
#2193=VERTEX_POINT('',#5732);
#2194=VERTEX_POINT('',#5738);
#2195=VERTEX_POINT('',#5742);
#2196=VERTEX_POINT('',#5746);
#2197=VERTEX_POINT('',#5750);
#2198=VERTEX_POINT('',#5754);
#2199=VERTEX_POINT('',#5758);
#2200=VERTEX_POINT('',#5762);
#2201=VERTEX_POINT('',#5766);
#2202=VERTEX_POINT('',#5770);
#2203=VERTEX_POINT('',#5776);
#2204=VERTEX_POINT('',#5780);
#2205=VERTEX_POINT('',#5787);
#2206=VERTEX_POINT('',#5789);
#2207=VERTEX_POINT('',#5793);
#2208=VERTEX_POINT('',#5797);
#2209=VERTEX_POINT('',#5801);
#2210=VERTEX_POINT('',#5805);
#2211=VERTEX_POINT('',#5811);
#2212=VERTEX_POINT('',#5815);
#2213=VERTEX_POINT('',#5819);
#2214=VERTEX_POINT('',#5823);
#2215=VERTEX_POINT('',#5827);
#2216=VERTEX_POINT('',#5833);
#2217=VERTEX_POINT('',#5837);
#2218=VERTEX_POINT('',#5841);
#2219=VERTEX_POINT('',#5845);
#2220=VERTEX_POINT('',#5849);
#2221=VERTEX_POINT('',#5853);
#2222=VERTEX_POINT('',#5859);
#2223=VERTEX_POINT('',#5863);
#2224=VERTEX_POINT('',#5867);
#2225=VERTEX_POINT('',#5874);
#2226=VERTEX_POINT('',#5876);
#2227=VERTEX_POINT('',#5878);
#2228=VERTEX_POINT('',#5880);
#2229=VERTEX_POINT('',#5882);
#2230=VERTEX_POINT('',#5884);
#2231=VERTEX_POINT('',#5901);
#2232=VERTEX_POINT('',#5903);
#2233=VERTEX_POINT('',#5905);
#2234=VERTEX_POINT('',#5907);
#2235=VERTEX_POINT('',#5909);
#2236=VERTEX_POINT('',#5911);
#2237=VERTEX_POINT('',#5928);
#2238=VERTEX_POINT('',#5930);
#2239=VERTEX_POINT('',#5932);
#2240=VERTEX_POINT('',#5934);
#2241=VERTEX_POINT('',#5936);
#2242=VERTEX_POINT('',#5938);
#2243=VERTEX_POINT('',#5955);
#2244=VERTEX_POINT('',#5957);
#2245=VERTEX_POINT('',#5959);
#2246=VERTEX_POINT('',#5961);
#2247=VERTEX_POINT('',#5963);
#2248=VERTEX_POINT('',#5965);
#2249=EDGE_CURVE('',#1901,#1902,#2773,.T.);
#2250=EDGE_CURVE('',#1903,#1902,#2774,.T.);
#2251=EDGE_CURVE('',#1904,#1903,#2775,.T.);
#2252=EDGE_CURVE('',#1904,#1901,#2776,.T.);
#2253=EDGE_CURVE('',#1902,#1905,#2777,.T.);
#2254=EDGE_CURVE('',#1906,#1905,#2778,.T.);
#2255=EDGE_CURVE('',#1903,#1906,#2779,.T.);
#2256=EDGE_CURVE('',#1905,#1907,#2780,.T.);
#2257=EDGE_CURVE('',#1908,#1907,#2781,.T.);
#2258=EDGE_CURVE('',#1906,#1908,#2782,.T.);
#2259=EDGE_CURVE('',#1907,#1909,#2783,.T.);
#2260=EDGE_CURVE('',#1910,#1909,#2784,.T.);
#2261=EDGE_CURVE('',#1908,#1910,#2785,.T.);
#2262=EDGE_CURVE('',#1909,#1911,#2786,.T.);
#2263=EDGE_CURVE('',#1912,#1911,#2787,.T.);
#2264=EDGE_CURVE('',#1910,#1912,#2788,.T.);
#2265=EDGE_CURVE('',#1911,#1913,#2789,.T.);
#2266=EDGE_CURVE('',#1914,#1913,#2790,.T.);
#2267=EDGE_CURVE('',#1912,#1914,#2791,.T.);
#2268=EDGE_CURVE('',#1913,#1915,#2792,.T.);
#2269=EDGE_CURVE('',#1916,#1915,#2793,.T.);
#2270=EDGE_CURVE('',#1914,#1916,#2794,.T.);
#2271=EDGE_CURVE('',#1915,#1917,#2795,.T.);
#2272=EDGE_CURVE('',#1918,#1917,#2796,.T.);
#2273=EDGE_CURVE('',#1916,#1918,#2797,.T.);
#2274=EDGE_CURVE('',#1917,#1919,#2798,.T.);
#2275=EDGE_CURVE('',#1920,#1919,#2799,.T.);
#2276=EDGE_CURVE('',#1918,#1920,#2800,.T.);
#2277=EDGE_CURVE('',#1919,#1921,#2801,.T.);
#2278=EDGE_CURVE('',#1922,#1921,#2802,.T.);
#2279=EDGE_CURVE('',#1920,#1922,#2803,.T.);
#2280=EDGE_CURVE('',#1921,#1923,#2804,.T.);
#2281=EDGE_CURVE('',#1924,#1923,#2805,.T.);
#2282=EDGE_CURVE('',#1922,#1924,#2806,.T.);
#2283=EDGE_CURVE('',#1923,#1925,#2807,.T.);
#2284=EDGE_CURVE('',#1926,#1925,#2808,.T.);
#2285=EDGE_CURVE('',#1924,#1926,#2809,.T.);
#2286=EDGE_CURVE('',#1925,#1927,#2810,.T.);
#2287=EDGE_CURVE('',#1928,#1927,#2811,.T.);
#2288=EDGE_CURVE('',#1926,#1928,#2812,.T.);
#2289=EDGE_CURVE('',#1927,#1929,#2813,.T.);
#2290=EDGE_CURVE('',#1930,#1929,#2814,.T.);
#2291=EDGE_CURVE('',#1928,#1930,#2815,.T.);
#2292=EDGE_CURVE('',#1929,#1931,#2816,.T.);
#2293=EDGE_CURVE('',#1932,#1931,#2817,.T.);
#2294=EDGE_CURVE('',#1930,#1932,#2818,.T.);
#2295=EDGE_CURVE('',#1931,#1933,#2819,.T.);
#2296=EDGE_CURVE('',#1934,#1933,#2820,.T.);
#2297=EDGE_CURVE('',#1932,#1934,#2821,.T.);
#2298=EDGE_CURVE('',#1933,#1935,#2822,.T.);
#2299=EDGE_CURVE('',#1936,#1935,#2823,.T.);
#2300=EDGE_CURVE('',#1934,#1936,#2824,.T.);
#2301=EDGE_CURVE('',#1935,#1937,#2825,.T.);
#2302=EDGE_CURVE('',#1938,#1937,#2826,.T.);
#2303=EDGE_CURVE('',#1936,#1938,#2827,.T.);
#2304=EDGE_CURVE('',#1937,#1939,#2828,.T.);
#2305=EDGE_CURVE('',#1940,#1939,#2829,.T.);
#2306=EDGE_CURVE('',#1938,#1940,#2830,.T.);
#2307=EDGE_CURVE('',#1939,#1941,#2831,.T.);
#2308=EDGE_CURVE('',#1942,#1941,#2832,.T.);
#2309=EDGE_CURVE('',#1940,#1942,#2833,.T.);
#2310=EDGE_CURVE('',#1941,#1943,#2834,.T.);
#2311=EDGE_CURVE('',#1944,#1943,#2835,.T.);
#2312=EDGE_CURVE('',#1942,#1944,#2836,.T.);
#2313=EDGE_CURVE('',#1943,#1945,#2837,.T.);
#2314=EDGE_CURVE('',#1946,#1945,#2838,.T.);
#2315=EDGE_CURVE('',#1944,#1946,#2839,.T.);
#2316=EDGE_CURVE('',#1945,#1947,#2840,.T.);
#2317=EDGE_CURVE('',#1948,#1947,#2841,.T.);
#2318=EDGE_CURVE('',#1946,#1948,#2842,.T.);
#2319=EDGE_CURVE('',#1947,#1949,#2843,.T.);
#2320=EDGE_CURVE('',#1950,#1949,#2844,.T.);
#2321=EDGE_CURVE('',#1948,#1950,#2845,.T.);
#2322=EDGE_CURVE('',#1949,#1951,#2846,.T.);
#2323=EDGE_CURVE('',#1952,#1951,#2847,.T.);
#2324=EDGE_CURVE('',#1950,#1952,#2848,.T.);
#2325=EDGE_CURVE('',#1951,#1901,#2849,.T.);
#2326=EDGE_CURVE('',#1952,#1904,#2850,.T.);
#2327=EDGE_CURVE('',#1953,#1954,#2851,.T.);
#2328=EDGE_CURVE('',#1955,#1953,#2852,.T.);
#2329=EDGE_CURVE('',#1955,#1956,#2853,.T.);
#2330=EDGE_CURVE('',#1956,#1954,#2854,.T.);
#2331=EDGE_CURVE('',#1954,#1957,#2855,.T.);
#2332=EDGE_CURVE('',#1956,#1958,#2856,.T.);
#2333=EDGE_CURVE('',#1958,#1957,#2857,.T.);
#2334=EDGE_CURVE('',#1957,#1959,#2858,.T.);
#2335=EDGE_CURVE('',#1958,#1960,#2859,.T.);
#2336=EDGE_CURVE('',#1960,#1959,#2860,.T.);
#2337=EDGE_CURVE('',#1959,#1961,#2861,.T.);
#2338=EDGE_CURVE('',#1960,#1962,#2862,.T.);
#2339=EDGE_CURVE('',#1962,#1961,#2863,.T.);
#2340=EDGE_CURVE('',#1961,#1963,#2864,.T.);
#2341=EDGE_CURVE('',#1962,#1964,#2865,.T.);
#2342=EDGE_CURVE('',#1964,#1963,#2866,.T.);
#2343=EDGE_CURVE('',#1963,#1965,#2867,.T.);
#2344=EDGE_CURVE('',#1964,#1966,#2868,.T.);
#2345=EDGE_CURVE('',#1966,#1965,#2869,.T.);
#2346=EDGE_CURVE('',#1965,#1967,#2870,.T.);
#2347=EDGE_CURVE('',#1966,#1968,#2871,.T.);
#2348=EDGE_CURVE('',#1968,#1967,#2872,.T.);
#2349=EDGE_CURVE('',#1967,#1969,#2873,.T.);
#2350=EDGE_CURVE('',#1968,#1970,#2874,.T.);
#2351=EDGE_CURVE('',#1970,#1969,#2875,.T.);
#2352=EDGE_CURVE('',#1969,#1971,#2876,.T.);
#2353=EDGE_CURVE('',#1970,#1972,#2877,.T.);
#2354=EDGE_CURVE('',#1972,#1971,#2878,.T.);
#2355=EDGE_CURVE('',#1971,#1973,#2879,.T.);
#2356=EDGE_CURVE('',#1972,#1974,#2880,.T.);
#2357=EDGE_CURVE('',#1974,#1973,#2881,.T.);
#2358=EDGE_CURVE('',#1973,#1975,#2882,.T.);
#2359=EDGE_CURVE('',#1974,#1976,#2883,.T.);
#2360=EDGE_CURVE('',#1976,#1975,#2884,.T.);
#2361=EDGE_CURVE('',#1975,#1977,#2885,.T.);
#2362=EDGE_CURVE('',#1976,#1978,#2886,.T.);
#2363=EDGE_CURVE('',#1978,#1977,#2887,.T.);
#2364=EDGE_CURVE('',#1977,#1979,#2888,.T.);
#2365=EDGE_CURVE('',#1978,#1980,#2889,.T.);
#2366=EDGE_CURVE('',#1980,#1979,#2890,.T.);
#2367=EDGE_CURVE('',#1979,#1981,#2891,.T.);
#2368=EDGE_CURVE('',#1980,#1982,#2892,.T.);
#2369=EDGE_CURVE('',#1982,#1981,#2893,.T.);
#2370=EDGE_CURVE('',#1981,#1983,#2894,.T.);
#2371=EDGE_CURVE('',#1982,#1984,#2895,.T.);
#2372=EDGE_CURVE('',#1984,#1983,#2896,.T.);
#2373=EDGE_CURVE('',#1983,#1985,#2897,.T.);
#2374=EDGE_CURVE('',#1984,#1986,#2898,.T.);
#2375=EDGE_CURVE('',#1986,#1985,#2899,.T.);
#2376=EDGE_CURVE('',#1985,#1987,#2900,.T.);
#2377=EDGE_CURVE('',#1986,#1988,#2901,.T.);
#2378=EDGE_CURVE('',#1988,#1987,#2902,.T.);
#2379=EDGE_CURVE('',#1987,#1989,#2903,.T.);
#2380=EDGE_CURVE('',#1988,#1990,#2904,.T.);
#2381=EDGE_CURVE('',#1990,#1989,#2905,.T.);
#2382=EDGE_CURVE('',#1989,#1991,#2906,.T.);
#2383=EDGE_CURVE('',#1990,#1992,#2907,.T.);
#2384=EDGE_CURVE('',#1992,#1991,#2908,.T.);
#2385=EDGE_CURVE('',#1991,#1993,#2909,.T.);
#2386=EDGE_CURVE('',#1992,#1994,#2910,.T.);
#2387=EDGE_CURVE('',#1994,#1993,#2911,.T.);
#2388=EDGE_CURVE('',#1993,#1995,#2912,.T.);
#2389=EDGE_CURVE('',#1994,#1996,#2913,.T.);
#2390=EDGE_CURVE('',#1996,#1995,#2914,.T.);
#2391=EDGE_CURVE('',#1995,#1997,#2915,.T.);
#2392=EDGE_CURVE('',#1996,#1998,#2916,.T.);
#2393=EDGE_CURVE('',#1998,#1997,#2917,.T.);
#2394=EDGE_CURVE('',#1997,#1999,#2918,.T.);
#2395=EDGE_CURVE('',#1998,#2000,#2919,.T.);
#2396=EDGE_CURVE('',#2000,#1999,#2920,.T.);
#2397=EDGE_CURVE('',#1999,#2001,#2921,.T.);
#2398=EDGE_CURVE('',#2000,#2002,#2922,.T.);
#2399=EDGE_CURVE('',#2002,#2001,#2923,.T.);
#2400=EDGE_CURVE('',#2001,#2003,#2924,.T.);
#2401=EDGE_CURVE('',#2002,#2004,#2925,.T.);
#2402=EDGE_CURVE('',#2004,#2003,#2926,.T.);
#2403=EDGE_CURVE('',#2003,#1953,#2927,.T.);
#2404=EDGE_CURVE('',#2004,#1955,#2928,.T.);
#2405=EDGE_CURVE('',#2005,#2006,#2929,.T.);
#2406=EDGE_CURVE('',#2007,#2005,#2930,.T.);
#2407=EDGE_CURVE('',#2008,#2007,#2931,.T.);
#2408=EDGE_CURVE('',#2009,#2008,#2932,.T.);
#2409=EDGE_CURVE('',#2010,#2009,#2933,.T.);
#2410=EDGE_CURVE('',#2010,#2011,#2934,.T.);
#2411=EDGE_CURVE('',#2012,#2011,#2935,.T.);
#2412=EDGE_CURVE('',#2006,#2012,#2936,.T.);
#2413=EDGE_CURVE('',#2009,#2013,#2937,.T.);
#2414=EDGE_CURVE('',#2014,#2008,#2938,.T.);
#2415=EDGE_CURVE('',#2014,#2013,#2939,.T.);
#2416=EDGE_CURVE('',#2015,#2007,#2940,.T.);
#2417=EDGE_CURVE('',#2015,#2014,#2941,.T.);
#2418=EDGE_CURVE('',#2005,#2016,#2942,.T.);
#2419=EDGE_CURVE('',#2016,#2015,#2943,.T.);
#2420=EDGE_CURVE('',#2016,#2017,#2944,.T.);
#2421=EDGE_CURVE('',#2017,#2018,#2945,.T.);
#2422=EDGE_CURVE('',#2019,#2018,#2946,.T.);
#2423=EDGE_CURVE('',#2020,#2019,#2947,.T.);
#2424=EDGE_CURVE('',#2020,#2013,#2948,.T.);
#2425=EDGE_CURVE('',#2012,#2018,#2949,.T.);
#2426=EDGE_CURVE('',#2011,#2019,#2950,.T.);
#2427=EDGE_CURVE('',#2020,#2010,#2951,.T.);
#2428=EDGE_CURVE('',#2017,#2006,#2952,.T.);
#2429=EDGE_CURVE('',#2021,#2022,#2953,.T.);
#2430=EDGE_CURVE('',#2023,#2021,#2954,.T.);
#2431=EDGE_CURVE('',#2024,#2023,#2955,.T.);
#2432=EDGE_CURVE('',#2025,#2024,#2956,.T.);
#2433=EDGE_CURVE('',#2026,#2025,#2957,.T.);
#2434=EDGE_CURVE('',#2026,#2027,#2958,.T.);
#2435=EDGE_CURVE('',#2028,#2027,#2959,.T.);
#2436=EDGE_CURVE('',#2022,#2028,#2960,.T.);
#2437=EDGE_CURVE('',#2025,#2029,#2961,.T.);
#2438=EDGE_CURVE('',#2030,#2024,#2962,.T.);
#2439=EDGE_CURVE('',#2030,#2029,#2963,.T.);
#2440=EDGE_CURVE('',#2031,#2023,#2964,.T.);
#2441=EDGE_CURVE('',#2031,#2030,#2965,.T.);
#2442=EDGE_CURVE('',#2021,#2032,#2966,.T.);
#2443=EDGE_CURVE('',#2032,#2031,#2967,.T.);
#2444=EDGE_CURVE('',#2032,#2033,#2968,.T.);
#2445=EDGE_CURVE('',#2033,#2034,#2969,.T.);
#2446=EDGE_CURVE('',#2035,#2034,#2970,.T.);
#2447=EDGE_CURVE('',#2036,#2035,#2971,.T.);
#2448=EDGE_CURVE('',#2036,#2029,#2972,.T.);
#2449=EDGE_CURVE('',#2028,#2034,#2973,.T.);
#2450=EDGE_CURVE('',#2027,#2035,#2974,.T.);
#2451=EDGE_CURVE('',#2036,#2026,#2975,.T.);
#2452=EDGE_CURVE('',#2033,#2022,#2976,.T.);
#2453=EDGE_CURVE('',#2037,#2038,#2977,.T.);
#2454=EDGE_CURVE('',#2039,#2037,#2978,.T.);
#2455=EDGE_CURVE('',#2040,#2039,#2979,.T.);
#2456=EDGE_CURVE('',#2041,#2040,#2980,.T.);
#2457=EDGE_CURVE('',#2042,#2041,#2981,.T.);
#2458=EDGE_CURVE('',#2042,#2043,#2982,.T.);
#2459=EDGE_CURVE('',#2044,#2043,#2983,.T.);
#2460=EDGE_CURVE('',#2038,#2044,#2984,.T.);
#2461=EDGE_CURVE('',#2041,#2045,#2985,.T.);
#2462=EDGE_CURVE('',#2046,#2040,#2986,.T.);
#2463=EDGE_CURVE('',#2046,#2045,#2987,.T.);
#2464=EDGE_CURVE('',#2047,#2039,#2988,.T.);
#2465=EDGE_CURVE('',#2047,#2046,#2989,.T.);
#2466=EDGE_CURVE('',#2037,#2048,#2990,.T.);
#2467=EDGE_CURVE('',#2048,#2047,#2991,.T.);
#2468=EDGE_CURVE('',#2048,#2049,#2992,.T.);
#2469=EDGE_CURVE('',#2049,#2050,#2993,.T.);
#2470=EDGE_CURVE('',#2051,#2050,#2994,.T.);
#2471=EDGE_CURVE('',#2052,#2051,#2995,.T.);
#2472=EDGE_CURVE('',#2052,#2045,#2996,.T.);
#2473=EDGE_CURVE('',#2044,#2050,#2997,.T.);
#2474=EDGE_CURVE('',#2043,#2051,#2998,.T.);
#2475=EDGE_CURVE('',#2052,#2042,#2999,.T.);
#2476=EDGE_CURVE('',#2049,#2038,#3000,.T.);
#2477=EDGE_CURVE('',#2053,#2054,#3001,.T.);
#2478=EDGE_CURVE('',#2055,#2053,#3002,.T.);
#2479=EDGE_CURVE('',#2056,#2055,#3003,.T.);
#2480=EDGE_CURVE('',#2057,#2056,#3004,.T.);
#2481=EDGE_CURVE('',#2058,#2057,#3005,.T.);
#2482=EDGE_CURVE('',#2058,#2059,#3006,.T.);
#2483=EDGE_CURVE('',#2060,#2059,#3007,.T.);
#2484=EDGE_CURVE('',#2054,#2060,#3008,.T.);
#2485=EDGE_CURVE('',#2057,#2061,#3009,.T.);
#2486=EDGE_CURVE('',#2062,#2056,#3010,.T.);
#2487=EDGE_CURVE('',#2062,#2061,#3011,.T.);
#2488=EDGE_CURVE('',#2063,#2055,#3012,.T.);
#2489=EDGE_CURVE('',#2063,#2062,#3013,.T.);
#2490=EDGE_CURVE('',#2053,#2064,#3014,.T.);
#2491=EDGE_CURVE('',#2064,#2063,#3015,.T.);
#2492=EDGE_CURVE('',#2064,#2065,#3016,.T.);
#2493=EDGE_CURVE('',#2065,#2066,#3017,.T.);
#2494=EDGE_CURVE('',#2067,#2066,#3018,.T.);
#2495=EDGE_CURVE('',#2068,#2067,#3019,.T.);
#2496=EDGE_CURVE('',#2068,#2061,#3020,.T.);
#2497=EDGE_CURVE('',#2060,#2066,#3021,.T.);
#2498=EDGE_CURVE('',#2059,#2067,#3022,.T.);
#2499=EDGE_CURVE('',#2068,#2058,#3023,.T.);
#2500=EDGE_CURVE('',#2065,#2054,#3024,.T.);
#2501=EDGE_CURVE('',#2069,#2070,#3025,.T.);
#2502=EDGE_CURVE('',#2070,#2071,#3026,.T.);
#2503=EDGE_CURVE('',#2071,#2072,#3027,.T.);
#2504=EDGE_CURVE('',#2072,#2073,#3028,.T.);
#2505=EDGE_CURVE('',#2074,#2073,#3029,.T.);
#2506=EDGE_CURVE('',#2075,#2074,#3030,.T.);
#2507=EDGE_CURVE('',#2076,#2075,#3031,.T.);
#2508=EDGE_CURVE('',#2077,#2076,#3032,.T.);
#2509=EDGE_CURVE('',#2078,#2077,#3033,.T.);
#2510=EDGE_CURVE('',#2079,#2078,#3034,.T.);
#2511=EDGE_CURVE('',#2080,#2079,#3035,.T.);
#2512=EDGE_CURVE('',#2081,#2080,#3036,.T.);
#2513=EDGE_CURVE('',#2082,#2081,#3037,.T.);
#2514=EDGE_CURVE('',#2083,#2082,#3038,.T.);
#2515=EDGE_CURVE('',#2084,#2083,#3039,.T.);
#2516=EDGE_CURVE('',#2084,#2085,#3040,.T.);
#2517=EDGE_CURVE('',#2085,#2086,#3041,.T.);
#2518=EDGE_CURVE('',#2086,#2087,#3042,.T.);
#2519=EDGE_CURVE('',#2087,#2088,#3043,.T.);
#2520=EDGE_CURVE('',#2088,#2089,#3044,.T.);
#2521=EDGE_CURVE('',#2089,#2090,#3045,.T.);
#2522=EDGE_CURVE('',#2090,#2091,#3046,.T.);
#2523=EDGE_CURVE('',#2091,#2092,#3047,.T.);
#2524=EDGE_CURVE('',#2092,#2093,#3048,.T.);
#2525=EDGE_CURVE('',#2093,#2094,#3049,.T.);
#2526=EDGE_CURVE('',#2094,#2095,#3050,.T.);
#2527=EDGE_CURVE('',#2095,#2096,#3051,.T.);
#2528=EDGE_CURVE('',#2096,#2097,#3052,.T.);
#2529=EDGE_CURVE('',#2097,#2098,#3053,.T.);
#2530=EDGE_CURVE('',#2099,#2098,#3054,.T.);
#2531=EDGE_CURVE('',#2100,#2099,#3055,.T.);
#2532=EDGE_CURVE('',#2101,#2100,#3056,.T.);
#2533=EDGE_CURVE('',#2101,#2102,#3057,.T.);
#2534=EDGE_CURVE('',#2102,#2103,#3058,.T.);
#2535=EDGE_CURVE('',#2103,#2104,#3059,.T.);
#2536=EDGE_CURVE('',#2104,#2105,#3060,.T.);
#2537=EDGE_CURVE('',#2105,#2106,#3061,.T.);
#2538=EDGE_CURVE('',#2107,#2106,#3062,.T.);
#2539=EDGE_CURVE('',#2108,#2107,#3063,.T.);
#2540=EDGE_CURVE('',#2109,#2108,#3064,.T.);
#2541=EDGE_CURVE('',#2109,#2110,#3065,.T.);
#2542=EDGE_CURVE('',#2110,#2111,#3066,.T.);
#2543=EDGE_CURVE('',#2111,#2112,#3067,.T.);
#2544=EDGE_CURVE('',#2112,#2113,#3068,.T.);
#2545=EDGE_CURVE('',#2113,#2114,#3069,.T.);
#2546=EDGE_CURVE('',#2115,#2114,#3070,.T.);
#2547=EDGE_CURVE('',#2116,#2115,#3071,.T.);
#2548=EDGE_CURVE('',#2117,#2116,#3072,.T.);
#2549=EDGE_CURVE('',#2117,#2118,#3073,.T.);
#2550=EDGE_CURVE('',#2118,#2119,#3074,.T.);
#2551=EDGE_CURVE('',#2119,#2120,#3075,.T.);
#2552=EDGE_CURVE('',#2120,#2121,#3076,.T.);
#2553=EDGE_CURVE('',#2121,#2122,#3077,.T.);
#2554=EDGE_CURVE('',#2123,#2122,#3078,.T.);
#2555=EDGE_CURVE('',#2124,#2123,#3079,.T.);
#2556=EDGE_CURVE('',#2069,#2124,#3080,.T.);
#2557=EDGE_CURVE('',#2071,#2125,#3081,.T.);
#2558=EDGE_CURVE('',#2126,#2125,#3082,.T.);
#2559=EDGE_CURVE('',#2126,#2120,#3083,.T.);
#2560=EDGE_CURVE('',#2119,#2127,#3084,.T.);
#2561=EDGE_CURVE('',#2128,#2127,#3085,.T.);
#2562=EDGE_CURVE('',#2128,#2112,#3086,.T.);
#2563=EDGE_CURVE('',#2111,#2129,#3087,.T.);
#2564=EDGE_CURVE('',#2130,#2129,#3088,.T.);
#2565=EDGE_CURVE('',#2130,#2104,#3089,.T.);
#2566=EDGE_CURVE('',#2103,#2131,#3090,.T.);
#2567=EDGE_CURVE('',#2132,#2131,#3091,.T.);
#2568=EDGE_CURVE('',#2132,#2096,#3092,.T.);
#2569=EDGE_CURVE('',#2133,#2095,#3093,.T.);
#2570=EDGE_CURVE('',#2133,#2134,#3094,.T.);
#2571=EDGE_CURVE('',#2134,#2072,#3095,.T.);
#2572=EDGE_CURVE('',#2135,#2136,#3096,.T.);
#2573=EDGE_CURVE('',#2136,#2137,#3097,.T.);
#2574=EDGE_CURVE('',#2137,#2138,#3098,.T.);
#2575=EDGE_CURVE('',#2138,#2139,#3099,.T.);
#2576=EDGE_CURVE('',#2139,#2140,#3100,.T.);
#2577=EDGE_CURVE('',#2140,#2141,#3101,.T.);
#2578=EDGE_CURVE('',#2141,#2142,#3102,.T.);
#2579=EDGE_CURVE('',#2135,#2142,#3103,.T.);
#2580=EDGE_CURVE('',#2143,#2144,#3104,.T.);
#2581=EDGE_CURVE('',#2143,#2145,#3105,.T.);
#2582=EDGE_CURVE('',#2145,#2146,#3106,.T.);
#2583=EDGE_CURVE('',#2146,#2147,#3107,.T.);
#2584=EDGE_CURVE('',#2147,#2148,#3108,.T.);
#2585=EDGE_CURVE('',#2148,#2149,#3109,.T.);
#2586=EDGE_CURVE('',#2149,#2150,#3110,.T.);
#2587=EDGE_CURVE('',#2150,#2144,#3111,.T.);
#2588=EDGE_CURVE('',#2144,#2151,#3112,.T.);
#2589=EDGE_CURVE('',#2152,#2151,#3113,.T.);
#2590=EDGE_CURVE('',#2152,#2084,#3114,.T.);
#2591=EDGE_CURVE('',#2153,#2083,#3115,.T.);
#2592=EDGE_CURVE('',#2153,#2154,#3116,.T.);
#2593=EDGE_CURVE('',#2155,#2154,#3117,.T.);
#2594=EDGE_CURVE('',#2155,#2156,#3118,.T.);
#2595=EDGE_CURVE('',#2157,#2156,#3119,.T.);
#2596=EDGE_CURVE('',#2157,#2158,#3120,.T.);
#2597=EDGE_CURVE('',#2159,#2158,#3121,.T.);
#2598=EDGE_CURVE('',#2159,#2160,#3122,.T.);
#2599=EDGE_CURVE('',#2160,#2161,#3123,.T.);
#2600=EDGE_CURVE('',#2161,#2162,#3124,.T.);
#2601=EDGE_CURVE('',#2135,#2162,#3125,.T.);
#2602=EDGE_CURVE('',#2142,#2163,#3126,.T.);
#2603=EDGE_CURVE('',#2164,#2163,#3127,.T.);
#2604=EDGE_CURVE('',#2164,#2143,#3128,.T.);
#2605=EDGE_CURVE('',#2094,#2165,#3129,.T.);
#2606=EDGE_CURVE('',#2166,#2165,#3130,.T.);
#2607=EDGE_CURVE('',#2166,#2136,#3131,.T.);
#2608=EDGE_CURVE('',#2162,#2133,#3132,.T.);
#2609=EDGE_CURVE('',#2156,#2167,#3133,.T.);
#2610=EDGE_CURVE('',#2168,#2155,#3134,.T.);
#2611=EDGE_CURVE('',#2169,#2168,#3135,.T.);
#2612=EDGE_CURVE('',#2170,#2169,#3136,.T.);
#2613=EDGE_CURVE('',#2171,#2170,#3137,.T.);
#2614=EDGE_CURVE('',#2172,#2171,#3138,.T.);
#2615=EDGE_CURVE('',#2167,#2172,#3139,.T.);
#2616=EDGE_CURVE('',#2173,#2174,#3140,.T.);
#2617=EDGE_CURVE('',#2174,#2175,#3141,.T.);
#2618=EDGE_CURVE('',#2175,#2176,#3142,.T.);
#2619=EDGE_CURVE('',#2176,#2173,#3143,.T.);
#2620=EDGE_CURVE('',#2177,#2159,#3144,.T.);
#2621=EDGE_CURVE('',#2178,#2177,#3145,.T.);
#2622=EDGE_CURVE('',#2179,#2178,#3146,.T.);
#2623=EDGE_CURVE('',#2180,#2179,#3147,.T.);
#2624=EDGE_CURVE('',#2181,#2180,#3148,.T.);
#2625=EDGE_CURVE('',#2182,#2181,#3149,.T.);
#2626=EDGE_CURVE('',#2182,#2160,#3150,.T.);
#2627=EDGE_CURVE('',#2073,#2183,#3151,.T.);
#2628=EDGE_CURVE('',#2134,#2161,#3152,.T.);
#2629=EDGE_CURVE('',#2184,#2182,#3153,.T.);
#2630=EDGE_CURVE('',#2184,#2183,#3154,.T.);
#2631=EDGE_CURVE('',#2133,#2176,#27,.T.);
#2632=EDGE_CURVE('',#2173,#2162,#28,.T.);
#2633=EDGE_CURVE('',#2174,#2161,#29,.T.);
#2634=EDGE_CURVE('',#2134,#2175,#30,.T.);
#2635=EDGE_CURVE('',#2178,#2185,#3155,.T.);
#2636=EDGE_CURVE('',#2185,#2186,#3156,.T.);
#2637=EDGE_CURVE('',#2179,#2186,#3157,.T.);
#2638=EDGE_CURVE('',#2177,#2187,#3158,.T.);
#2639=EDGE_CURVE('',#2187,#2185,#3159,.T.);
#2640=EDGE_CURVE('',#2158,#2187,#3160,.T.);
#2641=EDGE_CURVE('',#2167,#2188,#3161,.T.);
#2642=EDGE_CURVE('',#2188,#2157,#3162,.T.);
#2643=EDGE_CURVE('',#2172,#2189,#3163,.T.);
#2644=EDGE_CURVE('',#2189,#2188,#3164,.T.);
#2645=EDGE_CURVE('',#2171,#2190,#3165,.T.);
#2646=EDGE_CURVE('',#2190,#2189,#3166,.T.);
#2647=EDGE_CURVE('',#2170,#2191,#3167,.T.);
#2648=EDGE_CURVE('',#2191,#2190,#3168,.T.);
#2649=EDGE_CURVE('',#2169,#2192,#3169,.T.);
#2650=EDGE_CURVE('',#2192,#2191,#3170,.T.);
#2651=EDGE_CURVE('',#2168,#2193,#3171,.T.);
#2652=EDGE_CURVE('',#2193,#2192,#3172,.T.);
#2653=EDGE_CURVE('',#2154,#2193,#3173,.T.);
#2654=EDGE_CURVE('',#2082,#2194,#3174,.T.);
#2655=EDGE_CURVE('',#2194,#2153,#3175,.T.);
#2656=EDGE_CURVE('',#2081,#2195,#3176,.T.);
#2657=EDGE_CURVE('',#2195,#2194,#3177,.T.);
#2658=EDGE_CURVE('',#2080,#2196,#3178,.T.);
#2659=EDGE_CURVE('',#2196,#2195,#3179,.T.);
#2660=EDGE_CURVE('',#2079,#2197,#3180,.T.);
#2661=EDGE_CURVE('',#2197,#2196,#3181,.T.);
#2662=EDGE_CURVE('',#2078,#2198,#3182,.T.);
#2663=EDGE_CURVE('',#2198,#2197,#3183,.T.);
#2664=EDGE_CURVE('',#2077,#2199,#3184,.T.);
#2665=EDGE_CURVE('',#2199,#2198,#3185,.T.);
#2666=EDGE_CURVE('',#2076,#2200,#3186,.T.);
#2667=EDGE_CURVE('',#2200,#2199,#3187,.T.);
#2668=EDGE_CURVE('',#2075,#2201,#3188,.T.);
#2669=EDGE_CURVE('',#2201,#2200,#3189,.T.);
#2670=EDGE_CURVE('',#2074,#2202,#3190,.T.);
#2671=EDGE_CURVE('',#2202,#2201,#3191,.T.);
#2672=EDGE_CURVE('',#2183,#2202,#3192,.T.);
#2673=EDGE_CURVE('',#2181,#2203,#3193,.T.);
#2674=EDGE_CURVE('',#2203,#2184,#3194,.T.);
#2675=EDGE_CURVE('',#2180,#2204,#3195,.T.);
#2676=EDGE_CURVE('',#2204,#2203,#3196,.T.);
#2677=EDGE_CURVE('',#2186,#2204,#3197,.T.);
#2678=EDGE_CURVE('',#2088,#2205,#3198,.T.);
#2679=EDGE_CURVE('',#2206,#2205,#3199,.T.);
#2680=EDGE_CURVE('',#2089,#2206,#3200,.T.);
#2681=EDGE_CURVE('',#2207,#2206,#3201,.T.);
#2682=EDGE_CURVE('',#2090,#2207,#3202,.T.);
#2683=EDGE_CURVE('',#2208,#2207,#3203,.T.);
#2684=EDGE_CURVE('',#2091,#2208,#3204,.T.);
#2685=EDGE_CURVE('',#2209,#2208,#3205,.T.);
#2686=EDGE_CURVE('',#2092,#2209,#3206,.T.);
#2687=EDGE_CURVE('',#2210,#2209,#3207,.T.);
#2688=EDGE_CURVE('',#2093,#2210,#3208,.T.);
#2689=EDGE_CURVE('',#2165,#2210,#3209,.T.);
#2690=EDGE_CURVE('',#2211,#2166,#3210,.T.);
#2691=EDGE_CURVE('',#2137,#2211,#3211,.T.);
#2692=EDGE_CURVE('',#2212,#2211,#3212,.T.);
#2693=EDGE_CURVE('',#2138,#2212,#3213,.T.);
#2694=EDGE_CURVE('',#2213,#2212,#3214,.T.);
#2695=EDGE_CURVE('',#2139,#2213,#3215,.T.);
#2696=EDGE_CURVE('',#2214,#2213,#3216,.T.);
#2697=EDGE_CURVE('',#2140,#2214,#3217,.T.);
#2698=EDGE_CURVE('',#2215,#2214,#3218,.T.);
#2699=EDGE_CURVE('',#2141,#2215,#3219,.T.);
#2700=EDGE_CURVE('',#2163,#2215,#3220,.T.);
#2701=EDGE_CURVE('',#2216,#2164,#3221,.T.);
#2702=EDGE_CURVE('',#2145,#2216,#3222,.T.);
#2703=EDGE_CURVE('',#2217,#2216,#3223,.T.);
#2704=EDGE_CURVE('',#2146,#2217,#3224,.T.);
#2705=EDGE_CURVE('',#2218,#2217,#3225,.T.);
#2706=EDGE_CURVE('',#2147,#2218,#3226,.T.);
#2707=EDGE_CURVE('',#2219,#2218,#3227,.T.);
#2708=EDGE_CURVE('',#2148,#2219,#3228,.T.);
#2709=EDGE_CURVE('',#2220,#2219,#3229,.T.);
#2710=EDGE_CURVE('',#2149,#2220,#3230,.T.);
#2711=EDGE_CURVE('',#2221,#2220,#3231,.T.);
#2712=EDGE_CURVE('',#2150,#2221,#3232,.T.);
#2713=EDGE_CURVE('',#2151,#2221,#3233,.T.);
#2714=EDGE_CURVE('',#2222,#2152,#3234,.T.);
#2715=EDGE_CURVE('',#2085,#2222,#3235,.T.);
#2716=EDGE_CURVE('',#2223,#2222,#3236,.T.);
#2717=EDGE_CURVE('',#2086,#2223,#3237,.T.);
#2718=EDGE_CURVE('',#2224,#2223,#3238,.T.);
#2719=EDGE_CURVE('',#2087,#2224,#3239,.T.);
#2720=EDGE_CURVE('',#2205,#2224,#3240,.T.);
#2721=EDGE_CURVE('',#2131,#2225,#3241,.T.);
#2722=EDGE_CURVE('',#2226,#2225,#3242,.T.);
#2723=EDGE_CURVE('',#2227,#2226,#3243,.T.);
#2724=EDGE_CURVE('',#2228,#2227,#3244,.T.);
#2725=EDGE_CURVE('',#2229,#2228,#3245,.T.);
#2726=EDGE_CURVE('',#2230,#2229,#3246,.T.);
#2727=EDGE_CURVE('',#2132,#2230,#3247,.T.);
#2728=EDGE_CURVE('',#2227,#2100,#3248,.T.);
#2729=EDGE_CURVE('',#2101,#2226,#3249,.T.);
#2730=EDGE_CURVE('',#2228,#2099,#3250,.T.);
#2731=EDGE_CURVE('',#2098,#2229,#3251,.T.);
#2732=EDGE_CURVE('',#2225,#2102,#3252,.T.);
#2733=EDGE_CURVE('',#2230,#2097,#3253,.T.);
#2734=EDGE_CURVE('',#2129,#2231,#3254,.T.);
#2735=EDGE_CURVE('',#2232,#2231,#3255,.T.);
#2736=EDGE_CURVE('',#2233,#2232,#3256,.T.);
#2737=EDGE_CURVE('',#2234,#2233,#3257,.T.);
#2738=EDGE_CURVE('',#2235,#2234,#3258,.T.);
#2739=EDGE_CURVE('',#2236,#2235,#3259,.T.);
#2740=EDGE_CURVE('',#2130,#2236,#3260,.T.);
#2741=EDGE_CURVE('',#2233,#2108,#3261,.T.);
#2742=EDGE_CURVE('',#2109,#2232,#3262,.T.);
#2743=EDGE_CURVE('',#2234,#2107,#3263,.T.);
#2744=EDGE_CURVE('',#2106,#2235,#3264,.T.);
#2745=EDGE_CURVE('',#2231,#2110,#3265,.T.);
#2746=EDGE_CURVE('',#2236,#2105,#3266,.T.);
#2747=EDGE_CURVE('',#2127,#2237,#3267,.T.);
#2748=EDGE_CURVE('',#2238,#2237,#3268,.T.);
#2749=EDGE_CURVE('',#2239,#2238,#3269,.T.);
#2750=EDGE_CURVE('',#2240,#2239,#3270,.T.);
#2751=EDGE_CURVE('',#2241,#2240,#3271,.T.);
#2752=EDGE_CURVE('',#2242,#2241,#3272,.T.);
#2753=EDGE_CURVE('',#2128,#2242,#3273,.T.);
#2754=EDGE_CURVE('',#2239,#2116,#3274,.T.);
#2755=EDGE_CURVE('',#2117,#2238,#3275,.T.);
#2756=EDGE_CURVE('',#2240,#2115,#3276,.T.);
#2757=EDGE_CURVE('',#2114,#2241,#3277,.T.);
#2758=EDGE_CURVE('',#2237,#2118,#3278,.T.);
#2759=EDGE_CURVE('',#2242,#2113,#3279,.T.);
#2760=EDGE_CURVE('',#2125,#2243,#3280,.T.);
#2761=EDGE_CURVE('',#2244,#2243,#3281,.T.);
#2762=EDGE_CURVE('',#2245,#2244,#3282,.T.);
#2763=EDGE_CURVE('',#2246,#2245,#3283,.T.);
#2764=EDGE_CURVE('',#2247,#2246,#3284,.T.);
#2765=EDGE_CURVE('',#2248,#2247,#3285,.T.);
#2766=EDGE_CURVE('',#2126,#2248,#3286,.T.);
#2767=EDGE_CURVE('',#2245,#2124,#3287,.T.);
#2768=EDGE_CURVE('',#2069,#2244,#3288,.T.);
#2769=EDGE_CURVE('',#2246,#2123,#3289,.T.);
#2770=EDGE_CURVE('',#2122,#2247,#3290,.T.);
#2771=EDGE_CURVE('',#2243,#2070,#3291,.T.);
#2772=EDGE_CURVE('',#2248,#2121,#3292,.T.);
#2773=LINE('',#4919,#3293);
#2774=LINE('',#4922,#3294);
#2775=LINE('',#4924,#3295);
#2776=LINE('',#4926,#3296);
#2777=LINE('',#4928,#3297);
#2778=LINE('',#4930,#3298);
#2779=LINE('',#4932,#3299);
#2780=LINE('',#4934,#3300);
#2781=LINE('',#4936,#3301);
#2782=LINE('',#4938,#3302);
#2783=LINE('',#4940,#3303);
#2784=LINE('',#4942,#3304);
#2785=LINE('',#4944,#3305);
#2786=LINE('',#4946,#3306);
#2787=LINE('',#4948,#3307);
#2788=LINE('',#4950,#3308);
#2789=LINE('',#4952,#3309);
#2790=LINE('',#4954,#3310);
#2791=LINE('',#4956,#3311);
#2792=LINE('',#4958,#3312);
#2793=LINE('',#4960,#3313);
#2794=LINE('',#4962,#3314);
#2795=LINE('',#4964,#3315);
#2796=LINE('',#4966,#3316);
#2797=LINE('',#4968,#3317);
#2798=LINE('',#4970,#3318);
#2799=LINE('',#4972,#3319);
#2800=LINE('',#4974,#3320);
#2801=LINE('',#4976,#3321);
#2802=LINE('',#4978,#3322);
#2803=LINE('',#4980,#3323);
#2804=LINE('',#4982,#3324);
#2805=LINE('',#4984,#3325);
#2806=LINE('',#4986,#3326);
#2807=LINE('',#4988,#3327);
#2808=LINE('',#4990,#3328);
#2809=LINE('',#4992,#3329);
#2810=LINE('',#4994,#3330);
#2811=LINE('',#4996,#3331);
#2812=LINE('',#4998,#3332);
#2813=LINE('',#5000,#3333);
#2814=LINE('',#5002,#3334);
#2815=LINE('',#5004,#3335);
#2816=LINE('',#5006,#3336);
#2817=LINE('',#5008,#3337);
#2818=LINE('',#5010,#3338);
#2819=LINE('',#5012,#3339);
#2820=LINE('',#5014,#3340);
#2821=LINE('',#5016,#3341);
#2822=LINE('',#5018,#3342);
#2823=LINE('',#5020,#3343);
#2824=LINE('',#5022,#3344);
#2825=LINE('',#5024,#3345);
#2826=LINE('',#5026,#3346);
#2827=LINE('',#5028,#3347);
#2828=LINE('',#5030,#3348);
#2829=LINE('',#5032,#3349);
#2830=LINE('',#5034,#3350);
#2831=LINE('',#5036,#3351);
#2832=LINE('',#5038,#3352);
#2833=LINE('',#5040,#3353);
#2834=LINE('',#5042,#3354);
#2835=LINE('',#5044,#3355);
#2836=LINE('',#5046,#3356);
#2837=LINE('',#5048,#3357);
#2838=LINE('',#5050,#3358);
#2839=LINE('',#5052,#3359);
#2840=LINE('',#5054,#3360);
#2841=LINE('',#5056,#3361);
#2842=LINE('',#5058,#3362);
#2843=LINE('',#5060,#3363);
#2844=LINE('',#5062,#3364);
#2845=LINE('',#5064,#3365);
#2846=LINE('',#5066,#3366);
#2847=LINE('',#5068,#3367);
#2848=LINE('',#5070,#3368);
#2849=LINE('',#5072,#3369);
#2850=LINE('',#5073,#3370);
#2851=LINE('',#5077,#3371);
#2852=LINE('',#5080,#3372);
#2853=LINE('',#5082,#3373);
#2854=LINE('',#5084,#3374);
#2855=LINE('',#5086,#3375);
#2856=LINE('',#5088,#3376);
#2857=LINE('',#5090,#3377);
#2858=LINE('',#5092,#3378);
#2859=LINE('',#5094,#3379);
#2860=LINE('',#5096,#3380);
#2861=LINE('',#5098,#3381);
#2862=LINE('',#5100,#3382);
#2863=LINE('',#5102,#3383);
#2864=LINE('',#5104,#3384);
#2865=LINE('',#5106,#3385);
#2866=LINE('',#5108,#3386);
#2867=LINE('',#5110,#3387);
#2868=LINE('',#5112,#3388);
#2869=LINE('',#5114,#3389);
#2870=LINE('',#5116,#3390);
#2871=LINE('',#5118,#3391);
#2872=LINE('',#5120,#3392);
#2873=LINE('',#5122,#3393);
#2874=LINE('',#5124,#3394);
#2875=LINE('',#5126,#3395);
#2876=LINE('',#5128,#3396);
#2877=LINE('',#5130,#3397);
#2878=LINE('',#5132,#3398);
#2879=LINE('',#5134,#3399);
#2880=LINE('',#5136,#3400);
#2881=LINE('',#5138,#3401);
#2882=LINE('',#5140,#3402);
#2883=LINE('',#5142,#3403);
#2884=LINE('',#5144,#3404);
#2885=LINE('',#5146,#3405);
#2886=LINE('',#5148,#3406);
#2887=LINE('',#5150,#3407);
#2888=LINE('',#5152,#3408);
#2889=LINE('',#5154,#3409);
#2890=LINE('',#5156,#3410);
#2891=LINE('',#5158,#3411);
#2892=LINE('',#5160,#3412);
#2893=LINE('',#5162,#3413);
#2894=LINE('',#5164,#3414);
#2895=LINE('',#5166,#3415);
#2896=LINE('',#5168,#3416);
#2897=LINE('',#5170,#3417);
#2898=LINE('',#5172,#3418);
#2899=LINE('',#5174,#3419);
#2900=LINE('',#5176,#3420);
#2901=LINE('',#5178,#3421);
#2902=LINE('',#5180,#3422);
#2903=LINE('',#5182,#3423);
#2904=LINE('',#5184,#3424);
#2905=LINE('',#5186,#3425);
#2906=LINE('',#5188,#3426);
#2907=LINE('',#5190,#3427);
#2908=LINE('',#5192,#3428);
#2909=LINE('',#5194,#3429);
#2910=LINE('',#5196,#3430);
#2911=LINE('',#5198,#3431);
#2912=LINE('',#5200,#3432);
#2913=LINE('',#5202,#3433);
#2914=LINE('',#5204,#3434);
#2915=LINE('',#5206,#3435);
#2916=LINE('',#5208,#3436);
#2917=LINE('',#5210,#3437);
#2918=LINE('',#5212,#3438);
#2919=LINE('',#5214,#3439);
#2920=LINE('',#5216,#3440);
#2921=LINE('',#5218,#3441);
#2922=LINE('',#5220,#3442);
#2923=LINE('',#5222,#3443);
#2924=LINE('',#5224,#3444);
#2925=LINE('',#5226,#3445);
#2926=LINE('',#5228,#3446);
#2927=LINE('',#5230,#3447);
#2928=LINE('',#5231,#3448);
#2929=LINE('',#5235,#3449);
#2930=LINE('',#5238,#3450);
#2931=LINE('',#5240,#3451);
#2932=LINE('',#5242,#3452);
#2933=LINE('',#5244,#3453);
#2934=LINE('',#5246,#3454);
#2935=LINE('',#5248,#3455);
#2936=LINE('',#5250,#3456);
#2937=LINE('',#5252,#3457);
#2938=LINE('',#5254,#3458);
#2939=LINE('',#5256,#3459);
#2940=LINE('',#5258,#3460);
#2941=LINE('',#5260,#3461);
#2942=LINE('',#5262,#3462);
#2943=LINE('',#5264,#3463);
#2944=LINE('',#5266,#3464);
#2945=LINE('',#5268,#3465);
#2946=LINE('',#5270,#3466);
#2947=LINE('',#5272,#3467);
#2948=LINE('',#5274,#3468);
#2949=LINE('',#5276,#3469);
#2950=LINE('',#5277,#3470);
#2951=LINE('',#5279,#3471);
#2952=LINE('',#5282,#3472);
#2953=LINE('',#5285,#3473);
#2954=LINE('',#5288,#3474);
#2955=LINE('',#5290,#3475);
#2956=LINE('',#5292,#3476);
#2957=LINE('',#5294,#3477);
#2958=LINE('',#5296,#3478);
#2959=LINE('',#5298,#3479);
#2960=LINE('',#5300,#3480);
#2961=LINE('',#5302,#3481);
#2962=LINE('',#5304,#3482);
#2963=LINE('',#5306,#3483);
#2964=LINE('',#5308,#3484);
#2965=LINE('',#5310,#3485);
#2966=LINE('',#5312,#3486);
#2967=LINE('',#5314,#3487);
#2968=LINE('',#5316,#3488);
#2969=LINE('',#5318,#3489);
#2970=LINE('',#5320,#3490);
#2971=LINE('',#5322,#3491);
#2972=LINE('',#5324,#3492);
#2973=LINE('',#5326,#3493);
#2974=LINE('',#5327,#3494);
#2975=LINE('',#5329,#3495);
#2976=LINE('',#5332,#3496);
#2977=LINE('',#5335,#3497);
#2978=LINE('',#5338,#3498);
#2979=LINE('',#5340,#3499);
#2980=LINE('',#5342,#3500);
#2981=LINE('',#5344,#3501);
#2982=LINE('',#5346,#3502);
#2983=LINE('',#5348,#3503);
#2984=LINE('',#5350,#3504);
#2985=LINE('',#5352,#3505);
#2986=LINE('',#5354,#3506);
#2987=LINE('',#5356,#3507);
#2988=LINE('',#5358,#3508);
#2989=LINE('',#5360,#3509);
#2990=LINE('',#5362,#3510);
#2991=LINE('',#5364,#3511);
#2992=LINE('',#5366,#3512);
#2993=LINE('',#5368,#3513);
#2994=LINE('',#5370,#3514);
#2995=LINE('',#5372,#3515);
#2996=LINE('',#5374,#3516);
#2997=LINE('',#5376,#3517);
#2998=LINE('',#5377,#3518);
#2999=LINE('',#5379,#3519);
#3000=LINE('',#5382,#3520);
#3001=LINE('',#5385,#3521);
#3002=LINE('',#5388,#3522);
#3003=LINE('',#5390,#3523);
#3004=LINE('',#5392,#3524);
#3005=LINE('',#5394,#3525);
#3006=LINE('',#5396,#3526);
#3007=LINE('',#5398,#3527);
#3008=LINE('',#5400,#3528);
#3009=LINE('',#5402,#3529);
#3010=LINE('',#5404,#3530);
#3011=LINE('',#5406,#3531);
#3012=LINE('',#5408,#3532);
#3013=LINE('',#5410,#3533);
#3014=LINE('',#5412,#3534);
#3015=LINE('',#5414,#3535);
#3016=LINE('',#5416,#3536);
#3017=LINE('',#5418,#3537);
#3018=LINE('',#5420,#3538);
#3019=LINE('',#5422,#3539);
#3020=LINE('',#5424,#3540);
#3021=LINE('',#5426,#3541);
#3022=LINE('',#5427,#3542);
#3023=LINE('',#5429,#3543);
#3024=LINE('',#5432,#3544);
#3025=LINE('',#5435,#3545);
#3026=LINE('',#5438,#3546);
#3027=LINE('',#5440,#3547);
#3028=LINE('',#5442,#3548);
#3029=LINE('',#5444,#3549);
#3030=LINE('',#5446,#3550);
#3031=LINE('',#5448,#3551);
#3032=LINE('',#5450,#3552);
#3033=LINE('',#5452,#3553);
#3034=LINE('',#5454,#3554);
#3035=LINE('',#5456,#3555);
#3036=LINE('',#5458,#3556);
#3037=LINE('',#5460,#3557);
#3038=LINE('',#5462,#3558);
#3039=LINE('',#5464,#3559);
#3040=LINE('',#5466,#3560);
#3041=LINE('',#5468,#3561);
#3042=LINE('',#5470,#3562);
#3043=LINE('',#5472,#3563);
#3044=LINE('',#5474,#3564);
#3045=LINE('',#5476,#3565);
#3046=LINE('',#5478,#3566);
#3047=LINE('',#5480,#3567);
#3048=LINE('',#5482,#3568);
#3049=LINE('',#5484,#3569);
#3050=LINE('',#5486,#3570);
#3051=LINE('',#5488,#3571);
#3052=LINE('',#5490,#3572);
#3053=LINE('',#5492,#3573);
#3054=LINE('',#5494,#3574);
#3055=LINE('',#5496,#3575);
#3056=LINE('',#5498,#3576);
#3057=LINE('',#5500,#3577);
#3058=LINE('',#5502,#3578);
#3059=LINE('',#5504,#3579);
#3060=LINE('',#5506,#3580);
#3061=LINE('',#5508,#3581);
#3062=LINE('',#5510,#3582);
#3063=LINE('',#5512,#3583);
#3064=LINE('',#5514,#3584);
#3065=LINE('',#5516,#3585);
#3066=LINE('',#5518,#3586);
#3067=LINE('',#5520,#3587);
#3068=LINE('',#5522,#3588);
#3069=LINE('',#5524,#3589);
#3070=LINE('',#5526,#3590);
#3071=LINE('',#5528,#3591);
#3072=LINE('',#5530,#3592);
#3073=LINE('',#5532,#3593);
#3074=LINE('',#5534,#3594);
#3075=LINE('',#5536,#3595);
#3076=LINE('',#5538,#3596);
#3077=LINE('',#5540,#3597);
#3078=LINE('',#5542,#3598);
#3079=LINE('',#5544,#3599);
#3080=LINE('',#5546,#3600);
#3081=LINE('',#5548,#3601);
#3082=LINE('',#5550,#3602);
#3083=LINE('',#5552,#3603);
#3084=LINE('',#5553,#3604);
#3085=LINE('',#5555,#3605);
#3086=LINE('',#5557,#3606);
#3087=LINE('',#5558,#3607);
#3088=LINE('',#5560,#3608);
#3089=LINE('',#5562,#3609);
#3090=LINE('',#5563,#3610);
#3091=LINE('',#5565,#3611);
#3092=LINE('',#5567,#3612);
#3093=LINE('',#5568,#3613);
#3094=LINE('',#5570,#3614);
#3095=LINE('',#5572,#3615);
#3096=LINE('',#5574,#3616);
#3097=LINE('',#5577,#3617);
#3098=LINE('',#5579,#3618);
#3099=LINE('',#5581,#3619);
#3100=LINE('',#5583,#3620);
#3101=LINE('',#5585,#3621);
#3102=LINE('',#5587,#3622);
#3103=LINE('',#5589,#3623);
#3104=LINE('',#5591,#3624);
#3105=LINE('',#5594,#3625);
#3106=LINE('',#5596,#3626);
#3107=LINE('',#5598,#3627);
#3108=LINE('',#5600,#3628);
#3109=LINE('',#5602,#3629);
#3110=LINE('',#5604,#3630);
#3111=LINE('',#5606,#3631);
#3112=LINE('',#5608,#3632);
#3113=LINE('',#5610,#3633);
#3114=LINE('',#5612,#3634);
#3115=LINE('',#5613,#3635);
#3116=LINE('',#5615,#3636);
#3117=LINE('',#5617,#3637);
#3118=LINE('',#5619,#3638);
#3119=LINE('',#5621,#3639);
#3120=LINE('',#5623,#3640);
#3121=LINE('',#5625,#3641);
#3122=LINE('',#5627,#3642);
#3123=LINE('',#5629,#3643);
#3124=LINE('',#5631,#3644);
#3125=LINE('',#5633,#3645);
#3126=LINE('',#5634,#3646);
#3127=LINE('',#5636,#3647);
#3128=LINE('',#5638,#3648);
#3129=LINE('',#5640,#3649);
#3130=LINE('',#5642,#3650);
#3131=LINE('',#5644,#3651);
#3132=LINE('',#5645,#3652);
#3133=LINE('',#5647,#3653);
#3134=LINE('',#5649,#3654);
#3135=LINE('',#5651,#3655);
#3136=LINE('',#5653,#3656);
#3137=LINE('',#5655,#3657);
#3138=LINE('',#5657,#3658);
#3139=LINE('',#5659,#3659);
#3140=LINE('',#5661,#3660);
#3141=LINE('',#5664,#3661);
#3142=LINE('',#5666,#3662);
#3143=LINE('',#5668,#3663);
#3144=LINE('',#5670,#3664);
#3145=LINE('',#5672,#3665);
#3146=LINE('',#5674,#3666);
#3147=LINE('',#5676,#3667);
#3148=LINE('',#5678,#3668);
#3149=LINE('',#5680,#3669);
#3150=LINE('',#5682,#3670);
#3151=LINE('',#5684,#3671);
#3152=LINE('',#5686,#3672);
#3153=LINE('',#5687,#3673);
#3154=LINE('',#5689,#3674);
#3155=LINE('',#5699,#3675);
#3156=LINE('',#5701,#3676);
#3157=LINE('',#5703,#3677);
#3158=LINE('',#5705,#3678);
#3159=LINE('',#5707,#3679);
#3160=LINE('',#5709,#3680);
#3161=LINE('',#5711,#3681);
#3162=LINE('',#5713,#3682);
#3163=LINE('',#5715,#3683);
#3164=LINE('',#5717,#3684);
#3165=LINE('',#5719,#3685);
#3166=LINE('',#5721,#3686);
#3167=LINE('',#5723,#3687);
#3168=LINE('',#5725,#3688);
#3169=LINE('',#5727,#3689);
#3170=LINE('',#5729,#3690);
#3171=LINE('',#5731,#3691);
#3172=LINE('',#5733,#3692);
#3173=LINE('',#5735,#3693);
#3174=LINE('',#5737,#3694);
#3175=LINE('',#5739,#3695);
#3176=LINE('',#5741,#3696);
#3177=LINE('',#5743,#3697);
#3178=LINE('',#5745,#3698);
#3179=LINE('',#5747,#3699);
#3180=LINE('',#5749,#3700);
#3181=LINE('',#5751,#3701);
#3182=LINE('',#5753,#3702);
#3183=LINE('',#5755,#3703);
#3184=LINE('',#5757,#3704);
#3185=LINE('',#5759,#3705);
#3186=LINE('',#5761,#3706);
#3187=LINE('',#5763,#3707);
#3188=LINE('',#5765,#3708);
#3189=LINE('',#5767,#3709);
#3190=LINE('',#5769,#3710);
#3191=LINE('',#5771,#3711);
#3192=LINE('',#5773,#3712);
#3193=LINE('',#5775,#3713);
#3194=LINE('',#5777,#3714);
#3195=LINE('',#5779,#3715);
#3196=LINE('',#5781,#3716);
#3197=LINE('',#5783,#3717);
#3198=LINE('',#5786,#3718);
#3199=LINE('',#5788,#3719);
#3200=LINE('',#5790,#3720);
#3201=LINE('',#5792,#3721);
#3202=LINE('',#5794,#3722);
#3203=LINE('',#5796,#3723);
#3204=LINE('',#5798,#3724);
#3205=LINE('',#5800,#3725);
#3206=LINE('',#5802,#3726);
#3207=LINE('',#5804,#3727);
#3208=LINE('',#5806,#3728);
#3209=LINE('',#5808,#3729);
#3210=LINE('',#5810,#3730);
#3211=LINE('',#5812,#3731);
#3212=LINE('',#5814,#3732);
#3213=LINE('',#5816,#3733);
#3214=LINE('',#5818,#3734);
#3215=LINE('',#5820,#3735);
#3216=LINE('',#5822,#3736);
#3217=LINE('',#5824,#3737);
#3218=LINE('',#5826,#3738);
#3219=LINE('',#5828,#3739);
#3220=LINE('',#5830,#3740);
#3221=LINE('',#5832,#3741);
#3222=LINE('',#5834,#3742);
#3223=LINE('',#5836,#3743);
#3224=LINE('',#5838,#3744);
#3225=LINE('',#5840,#3745);
#3226=LINE('',#5842,#3746);
#3227=LINE('',#5844,#3747);
#3228=LINE('',#5846,#3748);
#3229=LINE('',#5848,#3749);
#3230=LINE('',#5850,#3750);
#3231=LINE('',#5852,#3751);
#3232=LINE('',#5854,#3752);
#3233=LINE('',#5856,#3753);
#3234=LINE('',#5858,#3754);
#3235=LINE('',#5860,#3755);
#3236=LINE('',#5862,#3756);
#3237=LINE('',#5864,#3757);
#3238=LINE('',#5866,#3758);
#3239=LINE('',#5868,#3759);
#3240=LINE('',#5870,#3760);
#3241=LINE('',#5873,#3761);
#3242=LINE('',#5875,#3762);
#3243=LINE('',#5877,#3763);
#3244=LINE('',#5879,#3764);
#3245=LINE('',#5881,#3765);
#3246=LINE('',#5883,#3766);
#3247=LINE('',#5885,#3767);
#3248=LINE('',#5887,#3768);
#3249=LINE('',#5888,#3769);
#3250=LINE('',#5890,#3770);
#3251=LINE('',#5892,#3771);
#3252=LINE('',#5894,#3772);
#3253=LINE('',#5897,#3773);
#3254=LINE('',#5900,#3774);
#3255=LINE('',#5902,#3775);
#3256=LINE('',#5904,#3776);
#3257=LINE('',#5906,#3777);
#3258=LINE('',#5908,#3778);
#3259=LINE('',#5910,#3779);
#3260=LINE('',#5912,#3780);
#3261=LINE('',#5914,#3781);
#3262=LINE('',#5915,#3782);
#3263=LINE('',#5917,#3783);
#3264=LINE('',#5919,#3784);
#3265=LINE('',#5921,#3785);
#3266=LINE('',#5924,#3786);
#3267=LINE('',#5927,#3787);
#3268=LINE('',#5929,#3788);
#3269=LINE('',#5931,#3789);
#3270=LINE('',#5933,#3790);
#3271=LINE('',#5935,#3791);
#3272=LINE('',#5937,#3792);
#3273=LINE('',#5939,#3793);
#3274=LINE('',#5941,#3794);
#3275=LINE('',#5942,#3795);
#3276=LINE('',#5944,#3796);
#3277=LINE('',#5946,#3797);
#3278=LINE('',#5948,#3798);
#3279=LINE('',#5951,#3799);
#3280=LINE('',#5954,#3800);
#3281=LINE('',#5956,#3801);
#3282=LINE('',#5958,#3802);
#3283=LINE('',#5960,#3803);
#3284=LINE('',#5962,#3804);
#3285=LINE('',#5964,#3805);
#3286=LINE('',#5966,#3806);
#3287=LINE('',#5968,#3807);
#3288=LINE('',#5969,#3808);
#3289=LINE('',#5971,#3809);
#3290=LINE('',#5973,#3810);
#3291=LINE('',#5975,#3811);
#3292=LINE('',#5978,#3812);
#3293=VECTOR('',#4010,1.);
#3294=VECTOR('',#4011,1.);
#3295=VECTOR('',#4012,1.);
#3296=VECTOR('',#4013,1.);
#3297=VECTOR('',#4016,1.);
#3298=VECTOR('',#4017,1.);
#3299=VECTOR('',#4018,1.);
#3300=VECTOR('',#4021,1.);
#3301=VECTOR('',#4022,1.);
#3302=VECTOR('',#4023,1.);
#3303=VECTOR('',#4026,1.);
#3304=VECTOR('',#4027,1.);
#3305=VECTOR('',#4028,1.);
#3306=VECTOR('',#4031,1.);
#3307=VECTOR('',#4032,1.);
#3308=VECTOR('',#4033,1.);
#3309=VECTOR('',#4036,1.);
#3310=VECTOR('',#4037,1.);
#3311=VECTOR('',#4038,1.);
#3312=VECTOR('',#4041,1.);
#3313=VECTOR('',#4042,1.);
#3314=VECTOR('',#4043,1.);
#3315=VECTOR('',#4046,1.);
#3316=VECTOR('',#4047,1.);
#3317=VECTOR('',#4048,1.);
#3318=VECTOR('',#4051,1.);
#3319=VECTOR('',#4052,1.);
#3320=VECTOR('',#4053,1.);
#3321=VECTOR('',#4056,1.);
#3322=VECTOR('',#4057,1.);
#3323=VECTOR('',#4058,1.);
#3324=VECTOR('',#4061,1.);
#3325=VECTOR('',#4062,1.);
#3326=VECTOR('',#4063,1.);
#3327=VECTOR('',#4066,1.);
#3328=VECTOR('',#4067,1.);
#3329=VECTOR('',#4068,1.);
#3330=VECTOR('',#4071,1.);
#3331=VECTOR('',#4072,1.);
#3332=VECTOR('',#4073,1.);
#3333=VECTOR('',#4076,1.);
#3334=VECTOR('',#4077,1.);
#3335=VECTOR('',#4078,1.);
#3336=VECTOR('',#4081,1.);
#3337=VECTOR('',#4082,1.);
#3338=VECTOR('',#4083,1.);
#3339=VECTOR('',#4086,1.);
#3340=VECTOR('',#4087,1.);
#3341=VECTOR('',#4088,1.);
#3342=VECTOR('',#4091,1.);
#3343=VECTOR('',#4092,1.);
#3344=VECTOR('',#4093,1.);
#3345=VECTOR('',#4096,1.);
#3346=VECTOR('',#4097,1.);
#3347=VECTOR('',#4098,1.);
#3348=VECTOR('',#4101,1.);
#3349=VECTOR('',#4102,1.);
#3350=VECTOR('',#4103,1.);
#3351=VECTOR('',#4106,1.);
#3352=VECTOR('',#4107,1.);
#3353=VECTOR('',#4108,1.);
#3354=VECTOR('',#4111,1.);
#3355=VECTOR('',#4112,1.);
#3356=VECTOR('',#4113,1.);
#3357=VECTOR('',#4116,1.);
#3358=VECTOR('',#4117,1.);
#3359=VECTOR('',#4118,1.);
#3360=VECTOR('',#4121,1.);
#3361=VECTOR('',#4122,1.);
#3362=VECTOR('',#4123,1.);
#3363=VECTOR('',#4126,1.);
#3364=VECTOR('',#4127,1.);
#3365=VECTOR('',#4128,1.);
#3366=VECTOR('',#4131,1.);
#3367=VECTOR('',#4132,1.);
#3368=VECTOR('',#4133,1.);
#3369=VECTOR('',#4136,1.);
#3370=VECTOR('',#4137,1.);
#3371=VECTOR('',#4144,1.);
#3372=VECTOR('',#4145,1.);
#3373=VECTOR('',#4146,1.);
#3374=VECTOR('',#4147,1.);
#3375=VECTOR('',#4150,1.);
#3376=VECTOR('',#4151,1.);
#3377=VECTOR('',#4152,1.);
#3378=VECTOR('',#4155,1.);
#3379=VECTOR('',#4156,1.);
#3380=VECTOR('',#4157,1.);
#3381=VECTOR('',#4160,1.);
#3382=VECTOR('',#4161,1.);
#3383=VECTOR('',#4162,1.);
#3384=VECTOR('',#4165,1.);
#3385=VECTOR('',#4166,1.);
#3386=VECTOR('',#4167,1.);
#3387=VECTOR('',#4170,1.);
#3388=VECTOR('',#4171,1.);
#3389=VECTOR('',#4172,1.);
#3390=VECTOR('',#4175,1.);
#3391=VECTOR('',#4176,1.);
#3392=VECTOR('',#4177,1.);
#3393=VECTOR('',#4180,1.);
#3394=VECTOR('',#4181,1.);
#3395=VECTOR('',#4182,1.);
#3396=VECTOR('',#4185,1.);
#3397=VECTOR('',#4186,1.);
#3398=VECTOR('',#4187,1.);
#3399=VECTOR('',#4190,1.);
#3400=VECTOR('',#4191,1.);
#3401=VECTOR('',#4192,1.);
#3402=VECTOR('',#4195,1.);
#3403=VECTOR('',#4196,1.);
#3404=VECTOR('',#4197,1.);
#3405=VECTOR('',#4200,1.);
#3406=VECTOR('',#4201,1.);
#3407=VECTOR('',#4202,1.);
#3408=VECTOR('',#4205,1.);
#3409=VECTOR('',#4206,1.);
#3410=VECTOR('',#4207,1.);
#3411=VECTOR('',#4210,1.);
#3412=VECTOR('',#4211,1.);
#3413=VECTOR('',#4212,1.);
#3414=VECTOR('',#4215,1.);
#3415=VECTOR('',#4216,1.);
#3416=VECTOR('',#4217,1.);
#3417=VECTOR('',#4220,1.);
#3418=VECTOR('',#4221,1.);
#3419=VECTOR('',#4222,1.);
#3420=VECTOR('',#4225,1.);
#3421=VECTOR('',#4226,1.);
#3422=VECTOR('',#4227,1.);
#3423=VECTOR('',#4230,1.);
#3424=VECTOR('',#4231,1.);
#3425=VECTOR('',#4232,1.);
#3426=VECTOR('',#4235,1.);
#3427=VECTOR('',#4236,1.);
#3428=VECTOR('',#4237,1.);
#3429=VECTOR('',#4240,1.);
#3430=VECTOR('',#4241,1.);
#3431=VECTOR('',#4242,1.);
#3432=VECTOR('',#4245,1.);
#3433=VECTOR('',#4246,1.);
#3434=VECTOR('',#4247,1.);
#3435=VECTOR('',#4250,1.);
#3436=VECTOR('',#4251,1.);
#3437=VECTOR('',#4252,1.);
#3438=VECTOR('',#4255,1.);
#3439=VECTOR('',#4256,1.);
#3440=VECTOR('',#4257,1.);
#3441=VECTOR('',#4260,1.);
#3442=VECTOR('',#4261,1.);
#3443=VECTOR('',#4262,1.);
#3444=VECTOR('',#4265,1.);
#3445=VECTOR('',#4266,1.);
#3446=VECTOR('',#4267,1.);
#3447=VECTOR('',#4270,1.);
#3448=VECTOR('',#4271,1.);
#3449=VECTOR('',#4278,1.);
#3450=VECTOR('',#4279,1.);
#3451=VECTOR('',#4280,1.);
#3452=VECTOR('',#4281,1.);
#3453=VECTOR('',#4282,1.);
#3454=VECTOR('',#4283,1.);
#3455=VECTOR('',#4284,1.);
#3456=VECTOR('',#4285,1.);
#3457=VECTOR('',#4288,1.);
#3458=VECTOR('',#4289,1.);
#3459=VECTOR('',#4290,1.);
#3460=VECTOR('',#4293,1.);
#3461=VECTOR('',#4294,1.);
#3462=VECTOR('',#4297,1.);
#3463=VECTOR('',#4298,1.);
#3464=VECTOR('',#4301,1.);
#3465=VECTOR('',#4302,1.);
#3466=VECTOR('',#4303,1.);
#3467=VECTOR('',#4304,1.);
#3468=VECTOR('',#4305,1.);
#3469=VECTOR('',#4308,1.);
#3470=VECTOR('',#4309,1.);
#3471=VECTOR('',#4312,1.);
#3472=VECTOR('',#4317,1.);
#3473=VECTOR('',#4322,1.);
#3474=VECTOR('',#4323,1.);
#3475=VECTOR('',#4324,1.);
#3476=VECTOR('',#4325,1.);
#3477=VECTOR('',#4326,1.);
#3478=VECTOR('',#4327,1.);
#3479=VECTOR('',#4328,1.);
#3480=VECTOR('',#4329,1.);
#3481=VECTOR('',#4332,1.);
#3482=VECTOR('',#4333,1.);
#3483=VECTOR('',#4334,1.);
#3484=VECTOR('',#4337,1.);
#3485=VECTOR('',#4338,1.);
#3486=VECTOR('',#4341,1.);
#3487=VECTOR('',#4342,1.);
#3488=VECTOR('',#4345,1.);
#3489=VECTOR('',#4346,1.);
#3490=VECTOR('',#4347,1.);
#3491=VECTOR('',#4348,1.);
#3492=VECTOR('',#4349,1.);
#3493=VECTOR('',#4352,1.);
#3494=VECTOR('',#4353,1.);
#3495=VECTOR('',#4356,1.);
#3496=VECTOR('',#4361,1.);
#3497=VECTOR('',#4366,1.);
#3498=VECTOR('',#4367,1.);
#3499=VECTOR('',#4368,1.);
#3500=VECTOR('',#4369,1.);
#3501=VECTOR('',#4370,1.);
#3502=VECTOR('',#4371,1.);
#3503=VECTOR('',#4372,1.);
#3504=VECTOR('',#4373,1.);
#3505=VECTOR('',#4376,1.);
#3506=VECTOR('',#4377,1.);
#3507=VECTOR('',#4378,1.);
#3508=VECTOR('',#4381,1.);
#3509=VECTOR('',#4382,1.);
#3510=VECTOR('',#4385,1.);
#3511=VECTOR('',#4386,1.);
#3512=VECTOR('',#4389,1.);
#3513=VECTOR('',#4390,1.);
#3514=VECTOR('',#4391,1.);
#3515=VECTOR('',#4392,1.);
#3516=VECTOR('',#4393,1.);
#3517=VECTOR('',#4396,1.);
#3518=VECTOR('',#4397,1.);
#3519=VECTOR('',#4400,1.);
#3520=VECTOR('',#4405,1.);
#3521=VECTOR('',#4410,1.);
#3522=VECTOR('',#4411,1.);
#3523=VECTOR('',#4412,1.);
#3524=VECTOR('',#4413,1.);
#3525=VECTOR('',#4414,1.);
#3526=VECTOR('',#4415,1.);
#3527=VECTOR('',#4416,1.);
#3528=VECTOR('',#4417,1.);
#3529=VECTOR('',#4420,1.);
#3530=VECTOR('',#4421,1.);
#3531=VECTOR('',#4422,1.);
#3532=VECTOR('',#4425,1.);
#3533=VECTOR('',#4426,1.);
#3534=VECTOR('',#4429,1.);
#3535=VECTOR('',#4430,1.);
#3536=VECTOR('',#4433,1.);
#3537=VECTOR('',#4434,1.);
#3538=VECTOR('',#4435,1.);
#3539=VECTOR('',#4436,1.);
#3540=VECTOR('',#4437,1.);
#3541=VECTOR('',#4440,1.);
#3542=VECTOR('',#4441,1.);
#3543=VECTOR('',#4444,1.);
#3544=VECTOR('',#4449,1.);
#3545=VECTOR('',#4454,1.);
#3546=VECTOR('',#4455,1.);
#3547=VECTOR('',#4456,1.);
#3548=VECTOR('',#4457,1.);
#3549=VECTOR('',#4458,1.);
#3550=VECTOR('',#4459,1.);
#3551=VECTOR('',#4460,1.);
#3552=VECTOR('',#4461,1.);
#3553=VECTOR('',#4462,1.);
#3554=VECTOR('',#4463,1.);
#3555=VECTOR('',#4464,1.);
#3556=VECTOR('',#4465,1.);
#3557=VECTOR('',#4466,1.);
#3558=VECTOR('',#4467,1.);
#3559=VECTOR('',#4468,1.);
#3560=VECTOR('',#4469,1.);
#3561=VECTOR('',#4470,1.);
#3562=VECTOR('',#4471,1.);
#3563=VECTOR('',#4472,1.);
#3564=VECTOR('',#4473,1.);
#3565=VECTOR('',#4474,1.);
#3566=VECTOR('',#4475,1.);
#3567=VECTOR('',#4476,1.);
#3568=VECTOR('',#4477,1.);
#3569=VECTOR('',#4478,1.);
#3570=VECTOR('',#4479,1.);
#3571=VECTOR('',#4480,1.);
#3572=VECTOR('',#4481,1.);
#3573=VECTOR('',#4482,1.);
#3574=VECTOR('',#4483,1.);
#3575=VECTOR('',#4484,1.);
#3576=VECTOR('',#4485,1.);
#3577=VECTOR('',#4486,1.);
#3578=VECTOR('',#4487,1.);
#3579=VECTOR('',#4488,1.);
#3580=VECTOR('',#4489,1.);
#3581=VECTOR('',#4490,1.);
#3582=VECTOR('',#4491,1.);
#3583=VECTOR('',#4492,1.);
#3584=VECTOR('',#4493,1.);
#3585=VECTOR('',#4494,1.);
#3586=VECTOR('',#4495,1.);
#3587=VECTOR('',#4496,1.);
#3588=VECTOR('',#4497,1.);
#3589=VECTOR('',#4498,1.);
#3590=VECTOR('',#4499,1.);
#3591=VECTOR('',#4500,1.);
#3592=VECTOR('',#4501,1.);
#3593=VECTOR('',#4502,1.);
#3594=VECTOR('',#4503,1.);
#3595=VECTOR('',#4504,1.);
#3596=VECTOR('',#4505,1.);
#3597=VECTOR('',#4506,1.);
#3598=VECTOR('',#4507,1.);
#3599=VECTOR('',#4508,1.);
#3600=VECTOR('',#4509,1.);
#3601=VECTOR('',#4512,1.);
#3602=VECTOR('',#4513,1.);
#3603=VECTOR('',#4514,1.);
#3604=VECTOR('',#4515,1.);
#3605=VECTOR('',#4516,1.);
#3606=VECTOR('',#4517,1.);
#3607=VECTOR('',#4518,1.);
#3608=VECTOR('',#4519,1.);
#3609=VECTOR('',#4520,1.);
#3610=VECTOR('',#4521,1.);
#3611=VECTOR('',#4522,1.);
#3612=VECTOR('',#4523,1.);
#3613=VECTOR('',#4524,1.);
#3614=VECTOR('',#4525,1.);
#3615=VECTOR('',#4526,1.);
#3616=VECTOR('',#4529,1.);
#3617=VECTOR('',#4530,1.);
#3618=VECTOR('',#4531,1.);
#3619=VECTOR('',#4532,1.);
#3620=VECTOR('',#4533,1.);
#3621=VECTOR('',#4534,1.);
#3622=VECTOR('',#4535,1.);
#3623=VECTOR('',#4536,1.);
#3624=VECTOR('',#4539,1.);
#3625=VECTOR('',#4540,1.);
#3626=VECTOR('',#4541,1.);
#3627=VECTOR('',#4542,1.);
#3628=VECTOR('',#4543,1.);
#3629=VECTOR('',#4544,1.);
#3630=VECTOR('',#4545,1.);
#3631=VECTOR('',#4546,1.);
#3632=VECTOR('',#4549,1.);
#3633=VECTOR('',#4550,1.);
#3634=VECTOR('',#4551,1.);
#3635=VECTOR('',#4552,1.);
#3636=VECTOR('',#4553,1.);
#3637=VECTOR('',#4554,1.);
#3638=VECTOR('',#4555,1.);
#3639=VECTOR('',#4556,1.);
#3640=VECTOR('',#4557,1.);
#3641=VECTOR('',#4558,1.);
#3642=VECTOR('',#4559,1.);
#3643=VECTOR('',#4560,1.);
#3644=VECTOR('',#4561,1.);
#3645=VECTOR('',#4562,1.);
#3646=VECTOR('',#4563,1.);
#3647=VECTOR('',#4564,1.);
#3648=VECTOR('',#4565,1.);
#3649=VECTOR('',#4568,1.);
#3650=VECTOR('',#4569,1.);
#3651=VECTOR('',#4570,1.);
#3652=VECTOR('',#4571,1.);
#3653=VECTOR('',#4574,1.);
#3654=VECTOR('',#4575,1.);
#3655=VECTOR('',#4576,1.);
#3656=VECTOR('',#4577,1.);
#3657=VECTOR('',#4578,1.);
#3658=VECTOR('',#4579,1.);
#3659=VECTOR('',#4580,1.);
#3660=VECTOR('',#4583,1.);
#3661=VECTOR('',#4584,1.);
#3662=VECTOR('',#4585,1.);
#3663=VECTOR('',#4586,1.);
#3664=VECTOR('',#4589,1.);
#3665=VECTOR('',#4590,1.);
#3666=VECTOR('',#4591,1.);
#3667=VECTOR('',#4592,1.);
#3668=VECTOR('',#4593,1.);
#3669=VECTOR('',#4594,1.);
#3670=VECTOR('',#4595,1.);
#3671=VECTOR('',#4598,1.);
#3672=VECTOR('',#4599,1.);
#3673=VECTOR('',#4600,1.);
#3674=VECTOR('',#4601,1.);
#3675=VECTOR('',#4620,1.);
#3676=VECTOR('',#4621,1.);
#3677=VECTOR('',#4622,1.);
#3678=VECTOR('',#4625,1.);
#3679=VECTOR('',#4626,1.);
#3680=VECTOR('',#4629,1.);
#3681=VECTOR('',#4632,1.);
#3682=VECTOR('',#4633,1.);
#3683=VECTOR('',#4636,1.);
#3684=VECTOR('',#4637,1.);
#3685=VECTOR('',#4640,1.);
#3686=VECTOR('',#4641,1.);
#3687=VECTOR('',#4644,1.);
#3688=VECTOR('',#4645,1.);
#3689=VECTOR('',#4648,1.);
#3690=VECTOR('',#4649,1.);
#3691=VECTOR('',#4652,1.);
#3692=VECTOR('',#4653,1.);
#3693=VECTOR('',#4656,1.);
#3694=VECTOR('',#4659,1.);
#3695=VECTOR('',#4660,1.);
#3696=VECTOR('',#4663,1.);
#3697=VECTOR('',#4664,1.);
#3698=VECTOR('',#4667,1.);
#3699=VECTOR('',#4668,1.);
#3700=VECTOR('',#4671,1.);
#3701=VECTOR('',#4672,1.);
#3702=VECTOR('',#4675,1.);
#3703=VECTOR('',#4676,1.);
#3704=VECTOR('',#4679,1.);
#3705=VECTOR('',#4680,1.);
#3706=VECTOR('',#4683,1.);
#3707=VECTOR('',#4684,1.);
#3708=VECTOR('',#4687,1.);
#3709=VECTOR('',#4688,1.);
#3710=VECTOR('',#4691,1.);
#3711=VECTOR('',#4692,1.);
#3712=VECTOR('',#4695,1.);
#3713=VECTOR('',#4698,1.);
#3714=VECTOR('',#4699,1.);
#3715=VECTOR('',#4702,1.);
#3716=VECTOR('',#4703,1.);
#3717=VECTOR('',#4706,1.);
#3718=VECTOR('',#4711,1.);
#3719=VECTOR('',#4712,1.);
#3720=VECTOR('',#4713,1.);
#3721=VECTOR('',#4716,1.);
#3722=VECTOR('',#4717,1.);
#3723=VECTOR('',#4720,1.);
#3724=VECTOR('',#4721,1.);
#3725=VECTOR('',#4724,1.);
#3726=VECTOR('',#4725,1.);
#3727=VECTOR('',#4728,1.);
#3728=VECTOR('',#4729,1.);
#3729=VECTOR('',#4732,1.);
#3730=VECTOR('',#4735,1.);
#3731=VECTOR('',#4736,1.);
#3732=VECTOR('',#4739,1.);
#3733=VECTOR('',#4740,1.);
#3734=VECTOR('',#4743,1.);
#3735=VECTOR('',#4744,1.);
#3736=VECTOR('',#4747,1.);
#3737=VECTOR('',#4748,1.);
#3738=VECTOR('',#4751,1.);
#3739=VECTOR('',#4752,1.);
#3740=VECTOR('',#4755,1.);
#3741=VECTOR('',#4758,1.);
#3742=VECTOR('',#4759,1.);
#3743=VECTOR('',#4762,1.);
#3744=VECTOR('',#4763,1.);
#3745=VECTOR('',#4766,1.);
#3746=VECTOR('',#4767,1.);
#3747=VECTOR('',#4770,1.);
#3748=VECTOR('',#4771,1.);
#3749=VECTOR('',#4774,1.);
#3750=VECTOR('',#4775,1.);
#3751=VECTOR('',#4778,1.);
#3752=VECTOR('',#4779,1.);
#3753=VECTOR('',#4782,1.);
#3754=VECTOR('',#4785,1.);
#3755=VECTOR('',#4786,1.);
#3756=VECTOR('',#4789,1.);
#3757=VECTOR('',#4790,1.);
#3758=VECTOR('',#4793,1.);
#3759=VECTOR('',#4794,1.);
#3760=VECTOR('',#4797,1.);
#3761=VECTOR('',#4802,1.);
#3762=VECTOR('',#4803,1.);
#3763=VECTOR('',#4804,1.);
#3764=VECTOR('',#4805,1.);
#3765=VECTOR('',#4806,1.);
#3766=VECTOR('',#4807,1.);
#3767=VECTOR('',#4808,1.);
#3768=VECTOR('',#4811,1.);
#3769=VECTOR('',#4812,1.);
#3770=VECTOR('',#4815,1.);
#3771=VECTOR('',#4818,1.);
#3772=VECTOR('',#4821,1.);
#3773=VECTOR('',#4826,1.);
#3774=VECTOR('',#4831,1.);
#3775=VECTOR('',#4832,1.);
#3776=VECTOR('',#4833,1.);
#3777=VECTOR('',#4834,1.);
#3778=VECTOR('',#4835,1.);
#3779=VECTOR('',#4836,1.);
#3780=VECTOR('',#4837,1.);
#3781=VECTOR('',#4840,1.);
#3782=VECTOR('',#4841,1.);
#3783=VECTOR('',#4844,1.);
#3784=VECTOR('',#4847,1.);
#3785=VECTOR('',#4850,1.);
#3786=VECTOR('',#4855,1.);
#3787=VECTOR('',#4860,1.);
#3788=VECTOR('',#4861,1.);
#3789=VECTOR('',#4862,1.);
#3790=VECTOR('',#4863,1.);
#3791=VECTOR('',#4864,1.);
#3792=VECTOR('',#4865,1.);
#3793=VECTOR('',#4866,1.);
#3794=VECTOR('',#4869,1.);
#3795=VECTOR('',#4870,1.);
#3796=VECTOR('',#4873,1.);
#3797=VECTOR('',#4876,1.);
#3798=VECTOR('',#4879,1.);
#3799=VECTOR('',#4884,1.);
#3800=VECTOR('',#4889,1.);
#3801=VECTOR('',#4890,1.);
#3802=VECTOR('',#4891,1.);
#3803=VECTOR('',#4892,1.);
#3804=VECTOR('',#4893,1.);
#3805=VECTOR('',#4894,1.);
#3806=VECTOR('',#4895,1.);
#3807=VECTOR('',#4898,1.);
#3808=VECTOR('',#4899,1.);
#3809=VECTOR('',#4902,1.);
#3810=VECTOR('',#4905,1.);
#3811=VECTOR('',#4908,1.);
#3812=VECTOR('',#4913,1.);
#3813=AXIS2_PLACEMENT_3D('',#4918,#4008,#4009);
#3814=AXIS2_PLACEMENT_3D('',#4927,#4014,#4015);
#3815=AXIS2_PLACEMENT_3D('',#4933,#4019,#4020);
#3816=AXIS2_PLACEMENT_3D('',#4939,#4024,#4025);
#3817=AXIS2_PLACEMENT_3D('',#4945,#4029,#4030);
#3818=AXIS2_PLACEMENT_3D('',#4951,#4034,#4035);
#3819=AXIS2_PLACEMENT_3D('',#4957,#4039,#4040);
#3820=AXIS2_PLACEMENT_3D('',#4963,#4044,#4045);
#3821=AXIS2_PLACEMENT_3D('',#4969,#4049,#4050);
#3822=AXIS2_PLACEMENT_3D('',#4975,#4054,#4055);
#3823=AXIS2_PLACEMENT_3D('',#4981,#4059,#4060);
#3824=AXIS2_PLACEMENT_3D('',#4987,#4064,#4065);
#3825=AXIS2_PLACEMENT_3D('',#4993,#4069,#4070);
#3826=AXIS2_PLACEMENT_3D('',#4999,#4074,#4075);
#3827=AXIS2_PLACEMENT_3D('',#5005,#4079,#4080);
#3828=AXIS2_PLACEMENT_3D('',#5011,#4084,#4085);
#3829=AXIS2_PLACEMENT_3D('',#5017,#4089,#4090);
#3830=AXIS2_PLACEMENT_3D('',#5023,#4094,#4095);
#3831=AXIS2_PLACEMENT_3D('',#5029,#4099,#4100);
#3832=AXIS2_PLACEMENT_3D('',#5035,#4104,#4105);
#3833=AXIS2_PLACEMENT_3D('',#5041,#4109,#4110);
#3834=AXIS2_PLACEMENT_3D('',#5047,#4114,#4115);
#3835=AXIS2_PLACEMENT_3D('',#5053,#4119,#4120);
#3836=AXIS2_PLACEMENT_3D('',#5059,#4124,#4125);
#3837=AXIS2_PLACEMENT_3D('',#5065,#4129,#4130);
#3838=AXIS2_PLACEMENT_3D('',#5071,#4134,#4135);
#3839=AXIS2_PLACEMENT_3D('',#5074,#4138,#4139);
#3840=AXIS2_PLACEMENT_3D('',#5075,#4140,#4141);
#3841=AXIS2_PLACEMENT_3D('',#5076,#4142,#4143);
#3842=AXIS2_PLACEMENT_3D('',#5085,#4148,#4149);
#3843=AXIS2_PLACEMENT_3D('',#5091,#4153,#4154);
#3844=AXIS2_PLACEMENT_3D('',#5097,#4158,#4159);
#3845=AXIS2_PLACEMENT_3D('',#5103,#4163,#4164);
#3846=AXIS2_PLACEMENT_3D('',#5109,#4168,#4169);
#3847=AXIS2_PLACEMENT_3D('',#5115,#4173,#4174);
#3848=AXIS2_PLACEMENT_3D('',#5121,#4178,#4179);
#3849=AXIS2_PLACEMENT_3D('',#5127,#4183,#4184);
#3850=AXIS2_PLACEMENT_3D('',#5133,#4188,#4189);
#3851=AXIS2_PLACEMENT_3D('',#5139,#4193,#4194);
#3852=AXIS2_PLACEMENT_3D('',#5145,#4198,#4199);
#3853=AXIS2_PLACEMENT_3D('',#5151,#4203,#4204);
#3854=AXIS2_PLACEMENT_3D('',#5157,#4208,#4209);
#3855=AXIS2_PLACEMENT_3D('',#5163,#4213,#4214);
#3856=AXIS2_PLACEMENT_3D('',#5169,#4218,#4219);
#3857=AXIS2_PLACEMENT_3D('',#5175,#4223,#4224);
#3858=AXIS2_PLACEMENT_3D('',#5181,#4228,#4229);
#3859=AXIS2_PLACEMENT_3D('',#5187,#4233,#4234);
#3860=AXIS2_PLACEMENT_3D('',#5193,#4238,#4239);
#3861=AXIS2_PLACEMENT_3D('',#5199,#4243,#4244);
#3862=AXIS2_PLACEMENT_3D('',#5205,#4248,#4249);
#3863=AXIS2_PLACEMENT_3D('',#5211,#4253,#4254);
#3864=AXIS2_PLACEMENT_3D('',#5217,#4258,#4259);
#3865=AXIS2_PLACEMENT_3D('',#5223,#4263,#4264);
#3866=AXIS2_PLACEMENT_3D('',#5229,#4268,#4269);
#3867=AXIS2_PLACEMENT_3D('',#5232,#4272,#4273);
#3868=AXIS2_PLACEMENT_3D('',#5233,#4274,#4275);
#3869=AXIS2_PLACEMENT_3D('',#5234,#4276,#4277);
#3870=AXIS2_PLACEMENT_3D('',#5251,#4286,#4287);
#3871=AXIS2_PLACEMENT_3D('',#5257,#4291,#4292);
#3872=AXIS2_PLACEMENT_3D('',#5261,#4295,#4296);
#3873=AXIS2_PLACEMENT_3D('',#5265,#4299,#4300);
#3874=AXIS2_PLACEMENT_3D('',#5275,#4306,#4307);
#3875=AXIS2_PLACEMENT_3D('',#5278,#4310,#4311);
#3876=AXIS2_PLACEMENT_3D('',#5280,#4313,#4314);
#3877=AXIS2_PLACEMENT_3D('',#5281,#4315,#4316);
#3878=AXIS2_PLACEMENT_3D('',#5283,#4318,#4319);
#3879=AXIS2_PLACEMENT_3D('',#5284,#4320,#4321);
#3880=AXIS2_PLACEMENT_3D('',#5301,#4330,#4331);
#3881=AXIS2_PLACEMENT_3D('',#5307,#4335,#4336);
#3882=AXIS2_PLACEMENT_3D('',#5311,#4339,#4340);
#3883=AXIS2_PLACEMENT_3D('',#5315,#4343,#4344);
#3884=AXIS2_PLACEMENT_3D('',#5325,#4350,#4351);
#3885=AXIS2_PLACEMENT_3D('',#5328,#4354,#4355);
#3886=AXIS2_PLACEMENT_3D('',#5330,#4357,#4358);
#3887=AXIS2_PLACEMENT_3D('',#5331,#4359,#4360);
#3888=AXIS2_PLACEMENT_3D('',#5333,#4362,#4363);
#3889=AXIS2_PLACEMENT_3D('',#5334,#4364,#4365);
#3890=AXIS2_PLACEMENT_3D('',#5351,#4374,#4375);
#3891=AXIS2_PLACEMENT_3D('',#5357,#4379,#4380);
#3892=AXIS2_PLACEMENT_3D('',#5361,#4383,#4384);
#3893=AXIS2_PLACEMENT_3D('',#5365,#4387,#4388);
#3894=AXIS2_PLACEMENT_3D('',#5375,#4394,#4395);
#3895=AXIS2_PLACEMENT_3D('',#5378,#4398,#4399);
#3896=AXIS2_PLACEMENT_3D('',#5380,#4401,#4402);
#3897=AXIS2_PLACEMENT_3D('',#5381,#4403,#4404);
#3898=AXIS2_PLACEMENT_3D('',#5383,#4406,#4407);
#3899=AXIS2_PLACEMENT_3D('',#5384,#4408,#4409);
#3900=AXIS2_PLACEMENT_3D('',#5401,#4418,#4419);
#3901=AXIS2_PLACEMENT_3D('',#5407,#4423,#4424);
#3902=AXIS2_PLACEMENT_3D('',#5411,#4427,#4428);
#3903=AXIS2_PLACEMENT_3D('',#5415,#4431,#4432);
#3904=AXIS2_PLACEMENT_3D('',#5425,#4438,#4439);
#3905=AXIS2_PLACEMENT_3D('',#5428,#4442,#4443);
#3906=AXIS2_PLACEMENT_3D('',#5430,#4445,#4446);
#3907=AXIS2_PLACEMENT_3D('',#5431,#4447,#4448);
#3908=AXIS2_PLACEMENT_3D('',#5433,#4450,#4451);
#3909=AXIS2_PLACEMENT_3D('',#5434,#4452,#4453);
#3910=AXIS2_PLACEMENT_3D('',#5547,#4510,#4511);
#3911=AXIS2_PLACEMENT_3D('',#5573,#4527,#4528);
#3912=AXIS2_PLACEMENT_3D('',#5590,#4537,#4538);
#3913=AXIS2_PLACEMENT_3D('',#5607,#4547,#4548);
#3914=AXIS2_PLACEMENT_3D('',#5639,#4566,#4567);
#3915=AXIS2_PLACEMENT_3D('',#5646,#4572,#4573);
#3916=AXIS2_PLACEMENT_3D('',#5660,#4581,#4582);
#3917=AXIS2_PLACEMENT_3D('',#5669,#4587,#4588);
#3918=AXIS2_PLACEMENT_3D('',#5683,#4596,#4597);
#3919=AXIS2_PLACEMENT_3D('',#5690,#4602,#4603);
#3920=AXIS2_PLACEMENT_3D('',#5691,#4604,#4605);
#3921=AXIS2_PLACEMENT_3D('',#5692,#4606,#4607);
#3922=AXIS2_PLACEMENT_3D('',#5693,#4608,#4609);
#3923=AXIS2_PLACEMENT_3D('',#5694,#4610,#4611);
#3924=AXIS2_PLACEMENT_3D('',#5695,#4612,#4613);
#3925=AXIS2_PLACEMENT_3D('',#5696,#4614,#4615);
#3926=AXIS2_PLACEMENT_3D('',#5697,#4616,#4617);
#3927=AXIS2_PLACEMENT_3D('',#5698,#4618,#4619);
#3928=AXIS2_PLACEMENT_3D('',#5704,#4623,#4624);
#3929=AXIS2_PLACEMENT_3D('',#5708,#4627,#4628);
#3930=AXIS2_PLACEMENT_3D('',#5710,#4630,#4631);
#3931=AXIS2_PLACEMENT_3D('',#5714,#4634,#4635);
#3932=AXIS2_PLACEMENT_3D('',#5718,#4638,#4639);
#3933=AXIS2_PLACEMENT_3D('',#5722,#4642,#4643);
#3934=AXIS2_PLACEMENT_3D('',#5726,#4646,#4647);
#3935=AXIS2_PLACEMENT_3D('',#5730,#4650,#4651);
#3936=AXIS2_PLACEMENT_3D('',#5734,#4654,#4655);
#3937=AXIS2_PLACEMENT_3D('',#5736,#4657,#4658);
#3938=AXIS2_PLACEMENT_3D('',#5740,#4661,#4662);
#3939=AXIS2_PLACEMENT_3D('',#5744,#4665,#4666);
#3940=AXIS2_PLACEMENT_3D('',#5748,#4669,#4670);
#3941=AXIS2_PLACEMENT_3D('',#5752,#4673,#4674);
#3942=AXIS2_PLACEMENT_3D('',#5756,#4677,#4678);
#3943=AXIS2_PLACEMENT_3D('',#5760,#4681,#4682);
#3944=AXIS2_PLACEMENT_3D('',#5764,#4685,#4686);
#3945=AXIS2_PLACEMENT_3D('',#5768,#4689,#4690);
#3946=AXIS2_PLACEMENT_3D('',#5772,#4693,#4694);
#3947=AXIS2_PLACEMENT_3D('',#5774,#4696,#4697);
#3948=AXIS2_PLACEMENT_3D('',#5778,#4700,#4701);
#3949=AXIS2_PLACEMENT_3D('',#5782,#4704,#4705);
#3950=AXIS2_PLACEMENT_3D('',#5784,#4707,#4708);
#3951=AXIS2_PLACEMENT_3D('',#5785,#4709,#4710);
#3952=AXIS2_PLACEMENT_3D('',#5791,#4714,#4715);
#3953=AXIS2_PLACEMENT_3D('',#5795,#4718,#4719);
#3954=AXIS2_PLACEMENT_3D('',#5799,#4722,#4723);
#3955=AXIS2_PLACEMENT_3D('',#5803,#4726,#4727);
#3956=AXIS2_PLACEMENT_3D('',#5807,#4730,#4731);
#3957=AXIS2_PLACEMENT_3D('',#5809,#4733,#4734);
#3958=AXIS2_PLACEMENT_3D('',#5813,#4737,#4738);
#3959=AXIS2_PLACEMENT_3D('',#5817,#4741,#4742);
#3960=AXIS2_PLACEMENT_3D('',#5821,#4745,#4746);
#3961=AXIS2_PLACEMENT_3D('',#5825,#4749,#4750);
#3962=AXIS2_PLACEMENT_3D('',#5829,#4753,#4754);
#3963=AXIS2_PLACEMENT_3D('',#5831,#4756,#4757);
#3964=AXIS2_PLACEMENT_3D('',#5835,#4760,#4761);
#3965=AXIS2_PLACEMENT_3D('',#5839,#4764,#4765);
#3966=AXIS2_PLACEMENT_3D('',#5843,#4768,#4769);
#3967=AXIS2_PLACEMENT_3D('',#5847,#4772,#4773);
#3968=AXIS2_PLACEMENT_3D('',#5851,#4776,#4777);
#3969=AXIS2_PLACEMENT_3D('',#5855,#4780,#4781);
#3970=AXIS2_PLACEMENT_3D('',#5857,#4783,#4784);
#3971=AXIS2_PLACEMENT_3D('',#5861,#4787,#4788);
#3972=AXIS2_PLACEMENT_3D('',#5865,#4791,#4792);
#3973=AXIS2_PLACEMENT_3D('',#5869,#4795,#4796);
#3974=AXIS2_PLACEMENT_3D('',#5871,#4798,#4799);
#3975=AXIS2_PLACEMENT_3D('',#5872,#4800,#4801);
#3976=AXIS2_PLACEMENT_3D('',#5886,#4809,#4810);
#3977=AXIS2_PLACEMENT_3D('',#5889,#4813,#4814);
#3978=AXIS2_PLACEMENT_3D('',#5891,#4816,#4817);
#3979=AXIS2_PLACEMENT_3D('',#5893,#4819,#4820);
#3980=AXIS2_PLACEMENT_3D('',#5895,#4822,#4823);
#3981=AXIS2_PLACEMENT_3D('',#5896,#4824,#4825);
#3982=AXIS2_PLACEMENT_3D('',#5898,#4827,#4828);
#3983=AXIS2_PLACEMENT_3D('',#5899,#4829,#4830);
#3984=AXIS2_PLACEMENT_3D('',#5913,#4838,#4839);
#3985=AXIS2_PLACEMENT_3D('',#5916,#4842,#4843);
#3986=AXIS2_PLACEMENT_3D('',#5918,#4845,#4846);
#3987=AXIS2_PLACEMENT_3D('',#5920,#4848,#4849);
#3988=AXIS2_PLACEMENT_3D('',#5922,#4851,#4852);
#3989=AXIS2_PLACEMENT_3D('',#5923,#4853,#4854);
#3990=AXIS2_PLACEMENT_3D('',#5925,#4856,#4857);
#3991=AXIS2_PLACEMENT_3D('',#5926,#4858,#4859);
#3992=AXIS2_PLACEMENT_3D('',#5940,#4867,#4868);
#3993=AXIS2_PLACEMENT_3D('',#5943,#4871,#4872);
#3994=AXIS2_PLACEMENT_3D('',#5945,#4874,#4875);
#3995=AXIS2_PLACEMENT_3D('',#5947,#4877,#4878);
#3996=AXIS2_PLACEMENT_3D('',#5949,#4880,#4881);
#3997=AXIS2_PLACEMENT_3D('',#5950,#4882,#4883);
#3998=AXIS2_PLACEMENT_3D('',#5952,#4885,#4886);
#3999=AXIS2_PLACEMENT_3D('',#5953,#4887,#4888);
#4000=AXIS2_PLACEMENT_3D('',#5967,#4896,#4897);
#4001=AXIS2_PLACEMENT_3D('',#5970,#4900,#4901);
#4002=AXIS2_PLACEMENT_3D('',#5972,#4903,#4904);
#4003=AXIS2_PLACEMENT_3D('',#5974,#4906,#4907);
#4004=AXIS2_PLACEMENT_3D('',#5976,#4909,#4910);
#4005=AXIS2_PLACEMENT_3D('',#5977,#4911,#4912);
#4006=AXIS2_PLACEMENT_3D('',#5979,#4914,#4915);
#4007=AXIS2_PLACEMENT_3D('',#5980,#4916,#4917);
#4008=DIRECTION('',(0.,0.,1.));
#4009=DIRECTION('',(1.,0.,0.));
#4010=DIRECTION('',(1.,1.26807271635731E-016,0.));
#4011=DIRECTION('',(0.,0.,-1.));
#4012=DIRECTION('',(1.,1.26807271635731E-016,0.));
#4013=DIRECTION('',(0.,0.,-1.));
#4014=DIRECTION('',(-1.26807271635731E-016,1.,0.));
#4015=DIRECTION('',(-1.,-1.26634813746307E-016,0.));
#4016=DIRECTION('',(-3.82702124733559E-018,1.,0.));
#4017=DIRECTION('',(0.,0.,-1.));
#4018=DIRECTION('',(-3.82702124733559E-018,1.,0.));
#4019=DIRECTION('',(-1.,-3.82702124733559E-018,0.));
#4020=DIRECTION('',(3.79470760369927E-018,-1.,0.));
#4021=DIRECTION('',(-1.,0.,0.));
#4022=DIRECTION('',(0.,0.,-1.));
#4023=DIRECTION('',(-1.,0.,0.));
#4024=DIRECTION('',(0.,-1.,0.));
#4025=DIRECTION('',(0.,0.,1.));
#4026=DIRECTION('',(1.0842021724855E-015,1.,0.));
#4027=DIRECTION('',(0.,0.,-1.));
#4028=DIRECTION('',(1.0842021724855E-015,1.,0.));
#4029=DIRECTION('',(-1.,1.0842021724855E-015,0.));
#4030=DIRECTION('',(-1.0842021724855E-015,-1.,0.));
#4031=DIRECTION('',(-1.,0.,0.));
#4032=DIRECTION('',(0.,0.,-1.));
#4033=DIRECTION('',(-1.,0.,0.));
#4034=DIRECTION('',(0.,-1.,0.));
#4035=DIRECTION('',(0.,0.,1.));
#4036=DIRECTION('',(-3.33600668457078E-016,1.,0.));
#4037=DIRECTION('',(0.,0.,-1.));
#4038=DIRECTION('',(-3.33600668457078E-016,1.,0.));
#4039=DIRECTION('',(-1.,-3.33600668457078E-016,0.));
#4040=DIRECTION('',(3.33600538144317E-016,-1.,0.));
#4041=DIRECTION('',(-1.,0.,0.));
#4042=DIRECTION('',(0.,0.,-1.));
#4043=DIRECTION('',(-1.,0.,0.));
#4044=DIRECTION('',(0.,-1.,0.));
#4045=DIRECTION('',(0.,0.,1.));
#4046=DIRECTION('',(0.,-1.,0.));
#4047=DIRECTION('',(0.,0.,-1.));
#4048=DIRECTION('',(0.,-1.,0.));
#4049=DIRECTION('',(1.,0.,0.));
#4050=DIRECTION('',(0.,0.,-1.));
#4051=DIRECTION('',(-1.,2.89120579329468E-015,0.));
#4052=DIRECTION('',(0.,0.,-1.));
#4053=DIRECTION('',(-1.,2.89120579329468E-015,0.));
#4054=DIRECTION('',(-2.89120579329468E-015,-1.,0.));
#4055=DIRECTION('',(1.,-2.89091667271535E-015,0.));
#4056=DIRECTION('',(0.,-1.,0.));
#4057=DIRECTION('',(0.,0.,-1.));
#4058=DIRECTION('',(0.,-1.,0.));
#4059=DIRECTION('',(1.,0.,0.));
#4060=DIRECTION('',(0.,0.,-1.));
#4061=DIRECTION('',(-1.,0.,0.));
#4062=DIRECTION('',(0.,0.,-1.));
#4063=DIRECTION('',(-1.,0.,0.));
#4064=DIRECTION('',(0.,-1.,0.));
#4065=DIRECTION('',(0.,0.,1.));
#4066=DIRECTION('',(7.22801448323683E-015,-1.,0.));
#4067=DIRECTION('',(0.,0.,-1.));
#4068=DIRECTION('',(7.22801448323683E-015,-1.,0.));
#4069=DIRECTION('',(1.,7.22801448323683E-015,0.));
#4070=DIRECTION('',(-7.22815904352636E-015,1.,0.));
#4071=DIRECTION('',(-1.,-2.89120579329469E-015,0.));
#4072=DIRECTION('',(0.,0.,-1.));
#4073=DIRECTION('',(-1.,-2.89120579329469E-015,0.));
#4074=DIRECTION('',(2.89120579329469E-015,-1.,0.));
#4075=DIRECTION('',(1.,2.89091667271535E-015,0.));
#4076=DIRECTION('',(0.,-1.,0.));
#4077=DIRECTION('',(0.,0.,-1.));
#4078=DIRECTION('',(0.,-1.,0.));
#4079=DIRECTION('',(1.,0.,0.));
#4080=DIRECTION('',(0.,0.,-1.));
#4081=DIRECTION('',(1.,-7.22801448323672E-016,-4.22214510314442E-016));
#4082=DIRECTION('',(0.,0.,-1.));
#4083=DIRECTION('',(1.,-7.22801448323672E-016,-4.22214510314442E-016));
#4084=DIRECTION('',(7.22801448323672E-016,1.,0.));
#4085=DIRECTION('',(-1.,7.22946008613334E-016,0.));
#4086=DIRECTION('',(0.,-1.,0.));
#4087=DIRECTION('',(0.,0.,-1.));
#4088=DIRECTION('',(0.,-1.,0.));
#4089=DIRECTION('',(1.,0.,0.));
#4090=DIRECTION('',(0.,0.,-1.));
#4091=DIRECTION('',(1.,0.,5.50714578671008E-016));
#4092=DIRECTION('',(0.,0.,-1.));
#4093=DIRECTION('',(1.,0.,5.50714578671008E-016));
#4094=DIRECTION('',(0.,1.,0.));
#4095=DIRECTION('',(0.,0.,-1.));
#4096=DIRECTION('',(-5.35408480239756E-016,-1.,0.));
#4097=DIRECTION('',(0.,0.,-1.));
#4098=DIRECTION('',(-5.35408480239756E-016,-1.,0.));
#4099=DIRECTION('',(1.,-5.35408480239756E-016,0.));
#4100=DIRECTION('',(5.35595873207839E-016,1.,0.));
#4101=DIRECTION('',(-1.,0.,0.));
#4102=DIRECTION('',(0.,0.,-1.));
#4103=DIRECTION('',(-1.,0.,0.));
#4104=DIRECTION('',(0.,-1.,0.));
#4105=DIRECTION('',(0.,0.,1.));
#4106=DIRECTION('',(0.,-1.,0.));
#4107=DIRECTION('',(0.,0.,-1.));
#4108=DIRECTION('',(0.,-1.,0.));
#4109=DIRECTION('',(1.,0.,0.));
#4110=DIRECTION('',(0.,0.,-1.));
#4111=DIRECTION('',(-1.,3.61400724161836E-016,0.));
#4112=DIRECTION('',(0.,0.,-1.));
#4113=DIRECTION('',(-1.,3.61400724161836E-016,0.));
#4114=DIRECTION('',(-3.61400724161836E-016,-1.,0.));
#4115=DIRECTION('',(1.,-3.6125616387217E-016,0.));
#4116=DIRECTION('',(0.,-1.,0.));
#4117=DIRECTION('',(0.,0.,-1.));
#4118=DIRECTION('',(0.,-1.,0.));
#4119=DIRECTION('',(1.,0.,0.));
#4120=DIRECTION('',(0.,0.,-1.));
#4121=DIRECTION('',(1.,5.42101086242753E-016,0.));
#4122=DIRECTION('',(0.,0.,-1.));
#4123=DIRECTION('',(1.,5.42101086242753E-016,0.));
#4124=DIRECTION('',(-5.42101086242753E-016,1.,0.));
#4125=DIRECTION('',(-1.,-5.42101086242752E-016,0.));
#4126=DIRECTION('',(0.,-1.,0.));
#4127=DIRECTION('',(0.,0.,-1.));
#4128=DIRECTION('',(0.,-1.,0.));
#4129=DIRECTION('',(1.,0.,0.));
#4130=DIRECTION('',(0.,0.,-1.));
#4131=DIRECTION('',(1.,-3.77113799125393E-015,0.));
#4132=DIRECTION('',(0.,0.,-1.));
#4133=DIRECTION('',(1.,-3.77113799125393E-015,0.));
#4134=DIRECTION('',(3.77113799125393E-015,1.,0.));
#4135=DIRECTION('',(-1.,3.77128883677358E-015,0.));
#4136=DIRECTION('',(0.,-1.,0.));
#4137=DIRECTION('',(0.,-1.,0.));
#4138=DIRECTION('',(1.,0.,0.));
#4139=DIRECTION('',(0.,0.,-1.));
#4140=DIRECTION('',(0.,0.,1.));
#4141=DIRECTION('',(0.,1.,0.));
#4142=DIRECTION('',(0.,0.,1.));
#4143=DIRECTION('',(0.,1.,0.));
#4144=DIRECTION('',(-1.,0.,0.));
#4145=DIRECTION('',(0.,0.,-1.));
#4146=DIRECTION('',(-1.,0.,0.));
#4147=DIRECTION('',(0.,0.,-1.));
#4148=DIRECTION('',(0.,-1.,0.));
#4149=DIRECTION('',(0.,0.,1.));
#4150=DIRECTION('',(0.,1.,0.));
#4151=DIRECTION('',(0.,1.,0.));
#4152=DIRECTION('',(0.,0.,-1.));
#4153=DIRECTION('',(-1.,0.,0.));
#4154=DIRECTION('',(0.,0.,1.));
#4155=DIRECTION('',(-1.,-2.89120579329469E-015,0.));
#4156=DIRECTION('',(-1.,-2.89120579329469E-015,0.));
#4157=DIRECTION('',(0.,0.,-1.));
#4158=DIRECTION('',(2.89120579329469E-015,-1.,0.));
#4159=DIRECTION('',(1.,2.89120635798331E-015,0.));
#4160=DIRECTION('',(5.78241158658936E-015,1.,0.));
#4161=DIRECTION('',(5.78241158658936E-015,1.,0.));
#4162=DIRECTION('',(0.,0.,-1.));
#4163=DIRECTION('',(-1.,5.78241158658936E-015,0.));
#4164=DIRECTION('',(-5.78226702629969E-015,-1.,0.));
#4165=DIRECTION('',(1.,0.,0.));
#4166=DIRECTION('',(1.,0.,0.));
#4167=DIRECTION('',(0.,0.,-1.));
#4168=DIRECTION('',(0.,1.,0.));
#4169=DIRECTION('',(0.,0.,-1.));
#4170=DIRECTION('',(0.,1.,0.));
#4171=DIRECTION('',(0.,1.,0.));
#4172=DIRECTION('',(0.,0.,-1.));
#4173=DIRECTION('',(-1.,0.,0.));
#4174=DIRECTION('',(0.,0.,1.));
#4175=DIRECTION('',(1.,0.,0.));
#4176=DIRECTION('',(1.,0.,0.));
#4177=DIRECTION('',(0.,0.,-1.));
#4178=DIRECTION('',(0.,1.,0.));
#4179=DIRECTION('',(0.,0.,-1.));
#4180=DIRECTION('',(-5.35408480239755E-016,1.,0.));
#4181=DIRECTION('',(-5.35408480239755E-016,1.,0.));
#4182=DIRECTION('',(0.,0.,-1.));
#4183=DIRECTION('',(-1.,-5.35408480239755E-016,0.));
#4184=DIRECTION('',(5.35595873207839E-016,-1.,0.));
#4185=DIRECTION('',(-1.,0.,0.));
#4186=DIRECTION('',(-1.,0.,0.));
#4187=DIRECTION('',(0.,0.,-1.));
#4188=DIRECTION('',(0.,-1.,0.));
#4189=DIRECTION('',(0.,0.,1.));
#4190=DIRECTION('',(0.,1.,0.));
#4191=DIRECTION('',(0.,1.,0.));
#4192=DIRECTION('',(0.,0.,-1.));
#4193=DIRECTION('',(-1.,0.,0.));
#4194=DIRECTION('',(0.,0.,1.));
#4195=DIRECTION('',(-1.,-3.61400724161836E-016,0.));
#4196=DIRECTION('',(-1.,-3.61400724161836E-016,0.));
#4197=DIRECTION('',(0.,0.,-1.));
#4198=DIRECTION('',(3.61400724161836E-016,-1.,0.));
#4199=DIRECTION('',(1.,3.61473004306667E-016,0.));
#4200=DIRECTION('',(0.,1.,0.));
#4201=DIRECTION('',(0.,1.,0.));
#4202=DIRECTION('',(0.,0.,-1.));
#4203=DIRECTION('',(-1.,0.,0.));
#4204=DIRECTION('',(0.,0.,1.));
#4205=DIRECTION('',(1.,-1.80700362080917E-016,0.));
#4206=DIRECTION('',(1.,-1.80700362080917E-016,0.));
#4207=DIRECTION('',(0.,0.,-1.));
#4208=DIRECTION('',(1.80700362080917E-016,1.,0.));
#4209=DIRECTION('',(-1.,1.80628081936085E-016,0.));
#4210=DIRECTION('',(0.,1.,0.));
#4211=DIRECTION('',(0.,1.,0.));
#4212=DIRECTION('',(0.,0.,-1.));
#4213=DIRECTION('',(-1.,0.,0.));
#4214=DIRECTION('',(0.,0.,1.));
#4215=DIRECTION('',(1.,2.3569612445337E-016,0.));
#4216=DIRECTION('',(1.,2.3569612445337E-016,0.));
#4217=DIRECTION('',(0.,0.,-1.));
#4218=DIRECTION('',(-2.3569612445337E-016,1.,0.));
#4219=DIRECTION('',(-1.,-2.35705552298349E-016,0.));
#4220=DIRECTION('',(-2.89120579329468E-015,1.,0.));
#4221=DIRECTION('',(-2.89120579329468E-015,1.,0.));
#4222=DIRECTION('',(0.,0.,-1.));
#4223=DIRECTION('',(-1.,-2.89120579329468E-015,0.));
#4224=DIRECTION('',(2.89135035358434E-015,-1.,0.));
#4225=DIRECTION('',(1.,-4.59676359679527E-016,0.));
#4226=DIRECTION('',(1.,-4.59676359679527E-016,0.));
#4227=DIRECTION('',(0.,0.,-1.));
#4228=DIRECTION('',(4.59676359679527E-016,1.,0.));
#4229=DIRECTION('',(-1.,4.59701721133854E-016,0.));
#4230=DIRECTION('',(5.26349613892989E-016,-1.,0.));
#4231=DIRECTION('',(5.26349613892989E-016,-1.,0.));
#4232=DIRECTION('',(0.,0.,-1.));
#4233=DIRECTION('',(1.,5.26349613892989E-016,0.));
#4234=DIRECTION('',(-5.26380154741712E-016,1.,0.));
#4235=DIRECTION('',(-1.,0.,0.));
#4236=DIRECTION('',(-1.,0.,0.));
#4237=DIRECTION('',(0.,0.,-1.));
#4238=DIRECTION('',(0.,-1.,0.));
#4239=DIRECTION('',(0.,0.,1.));
#4240=DIRECTION('',(-1.0842021724855E-015,-1.,0.));
#4241=DIRECTION('',(-1.0842021724855E-015,-1.,0.));
#4242=DIRECTION('',(0.,0.,-1.));
#4243=DIRECTION('',(1.,-1.0842021724855E-015,0.));
#4244=DIRECTION('',(1.0842021724855E-015,1.,0.));
#4245=DIRECTION('',(-1.,2.89120579329468E-015,0.));
#4246=DIRECTION('',(-1.,2.89120579329468E-015,0.));
#4247=DIRECTION('',(0.,0.,-1.));
#4248=DIRECTION('',(-2.89120579329468E-015,-1.,0.));
#4249=DIRECTION('',(1.,-2.89121482831278E-015,0.));
#4250=DIRECTION('',(0.,-1.,0.));
#4251=DIRECTION('',(0.,-1.,0.));
#4252=DIRECTION('',(0.,0.,-1.));
#4253=DIRECTION('',(1.,0.,0.));
#4254=DIRECTION('',(0.,0.,-1.));
#4255=DIRECTION('',(-1.,0.,0.));
#4256=DIRECTION('',(-1.,0.,0.));
#4257=DIRECTION('',(0.,0.,-1.));
#4258=DIRECTION('',(0.,-1.,0.));
#4259=DIRECTION('',(0.,0.,1.));
#4260=DIRECTION('',(6.67201336914157E-016,1.,0.));
#4261=DIRECTION('',(6.67201336914157E-016,1.,0.));
#4262=DIRECTION('',(0.,0.,-1.));
#4263=DIRECTION('',(-1.,6.67201336914157E-016,0.));
#4264=DIRECTION('',(-6.67190911893267E-016,-1.,0.));
#4265=DIRECTION('',(-1.,5.78241158658933E-015,0.));
#4266=DIRECTION('',(-1.,5.78241158658933E-015,0.));
#4267=DIRECTION('',(0.,0.,-1.));
#4268=DIRECTION('',(-5.78241158658933E-015,-1.,0.));
#4269=DIRECTION('',(1.,-5.78240255157125E-015,0.));
#4270=DIRECTION('',(0.,1.,0.));
#4271=DIRECTION('',(0.,1.,0.));
#4272=DIRECTION('',(-1.,0.,0.));
#4273=DIRECTION('',(0.,0.,1.));
#4274=DIRECTION('',(0.,0.,-1.));
#4275=DIRECTION('',(0.,-1.,0.));
#4276=DIRECTION('',(0.,0.,-1.));
#4277=DIRECTION('',(0.,-1.,0.));
#4278=DIRECTION('',(0.,-1.,0.));
#4279=DIRECTION('',(1.,0.,0.));
#4280=DIRECTION('',(0.,1.,0.));
#4281=DIRECTION('',(-1.,0.,0.));
#4282=DIRECTION('',(0.,-1.,0.));
#4283=DIRECTION('',(1.,0.,0.));
#4284=DIRECTION('',(0.,-1.,0.));
#4285=DIRECTION('',(1.,0.,0.));
#4286=DIRECTION('',(0.,0.,1.));
#4287=DIRECTION('',(1.,0.,0.));
#4288=DIRECTION('',(0.,0.,-1.));
#4289=DIRECTION('',(0.,0.,1.));
#4290=DIRECTION('',(1.,0.,0.));
#4291=DIRECTION('',(0.,-1.,0.));
#4292=DIRECTION('',(0.,0.,-1.));
#4293=DIRECTION('',(0.,0.,1.));
#4294=DIRECTION('',(0.,-1.,0.));
#4295=DIRECTION('',(-1.,0.,0.));
#4296=DIRECTION('',(0.,0.,1.));
#4297=DIRECTION('',(0.,0.,-1.));
#4298=DIRECTION('',(-1.,0.,0.));
#4299=DIRECTION('',(0.,1.,0.));
#4300=DIRECTION('',(0.,0.,1.));
#4301=DIRECTION('',(0.,-1.,0.));
#4302=DIRECTION('',(1.,0.,0.));
#4303=DIRECTION('',(0.,1.,0.));
#4304=DIRECTION('',(1.,0.,0.));
#4305=DIRECTION('',(0.,-1.,0.));
#4306=DIRECTION('',(0.,0.,-1.));
#4307=DIRECTION('',(-1.,0.,0.));
#4308=DIRECTION('',(0.,0.,-1.));
#4309=DIRECTION('',(0.,0.,-1.));
#4310=DIRECTION('',(1.,0.,0.));
#4311=DIRECTION('',(0.,0.,-1.));
#4312=DIRECTION('',(0.,0.,1.));
#4313=DIRECTION('',(-1.,0.,0.));
#4314=DIRECTION('',(0.,0.,1.));
#4315=DIRECTION('',(0.,1.,0.));
#4316=DIRECTION('',(0.,0.,1.));
#4317=DIRECTION('',(0.,0.,1.));
#4318=DIRECTION('',(-1.,0.,0.));
#4319=DIRECTION('',(0.,0.,1.));
#4320=DIRECTION('',(0.,-1.,0.));
#4321=DIRECTION('',(0.,0.,-1.));
#4322=DIRECTION('',(0.,-1.,0.));
#4323=DIRECTION('',(1.,0.,0.));
#4324=DIRECTION('',(0.,1.,0.));
#4325=DIRECTION('',(-1.,0.,0.));
#4326=DIRECTION('',(0.,-1.,0.));
#4327=DIRECTION('',(1.,0.,0.));
#4328=DIRECTION('',(0.,-1.,0.));
#4329=DIRECTION('',(1.,0.,0.));
#4330=DIRECTION('',(0.,0.,1.));
#4331=DIRECTION('',(1.,0.,0.));
#4332=DIRECTION('',(0.,0.,-1.));
#4333=DIRECTION('',(0.,0.,1.));
#4334=DIRECTION('',(1.,0.,0.));
#4335=DIRECTION('',(0.,-1.,0.));
#4336=DIRECTION('',(0.,0.,-1.));
#4337=DIRECTION('',(0.,0.,1.));
#4338=DIRECTION('',(0.,-1.,0.));
#4339=DIRECTION('',(-1.,0.,0.));
#4340=DIRECTION('',(0.,0.,1.));
#4341=DIRECTION('',(0.,0.,-1.));
#4342=DIRECTION('',(-1.,0.,0.));
#4343=DIRECTION('',(0.,1.,0.));
#4344=DIRECTION('',(0.,0.,1.));
#4345=DIRECTION('',(0.,-1.,0.));
#4346=DIRECTION('',(1.,0.,0.));
#4347=DIRECTION('',(0.,1.,0.));
#4348=DIRECTION('',(1.,0.,0.));
#4349=DIRECTION('',(0.,-1.,0.));
#4350=DIRECTION('',(0.,0.,-1.));
#4351=DIRECTION('',(-1.,0.,0.));
#4352=DIRECTION('',(0.,0.,-1.));
#4353=DIRECTION('',(0.,0.,-1.));
#4354=DIRECTION('',(1.,0.,0.));
#4355=DIRECTION('',(0.,0.,-1.));
#4356=DIRECTION('',(0.,0.,1.));
#4357=DIRECTION('',(-1.,0.,0.));
#4358=DIRECTION('',(0.,0.,1.));
#4359=DIRECTION('',(0.,1.,0.));
#4360=DIRECTION('',(0.,0.,1.));
#4361=DIRECTION('',(0.,0.,1.));
#4362=DIRECTION('',(-1.,0.,0.));
#4363=DIRECTION('',(0.,0.,1.));
#4364=DIRECTION('',(0.,-1.,0.));
#4365=DIRECTION('',(0.,0.,-1.));
#4366=DIRECTION('',(0.,-1.,0.));
#4367=DIRECTION('',(1.,0.,0.));
#4368=DIRECTION('',(0.,1.,0.));
#4369=DIRECTION('',(-1.,0.,0.));
#4370=DIRECTION('',(0.,-1.,0.));
#4371=DIRECTION('',(1.,0.,0.));
#4372=DIRECTION('',(0.,-1.,0.));
#4373=DIRECTION('',(1.,0.,0.));
#4374=DIRECTION('',(0.,0.,1.));
#4375=DIRECTION('',(1.,0.,0.));
#4376=DIRECTION('',(0.,0.,-1.));
#4377=DIRECTION('',(0.,0.,1.));
#4378=DIRECTION('',(1.,0.,0.));
#4379=DIRECTION('',(0.,-1.,0.));
#4380=DIRECTION('',(0.,0.,-1.));
#4381=DIRECTION('',(0.,0.,1.));
#4382=DIRECTION('',(0.,-1.,0.));
#4383=DIRECTION('',(-1.,0.,0.));
#4384=DIRECTION('',(0.,0.,1.));
#4385=DIRECTION('',(0.,0.,-1.));
#4386=DIRECTION('',(-1.,0.,0.));
#4387=DIRECTION('',(0.,1.,0.));
#4388=DIRECTION('',(0.,0.,1.));
#4389=DIRECTION('',(0.,-1.,0.));
#4390=DIRECTION('',(1.,0.,0.));
#4391=DIRECTION('',(0.,1.,0.));
#4392=DIRECTION('',(1.,0.,0.));
#4393=DIRECTION('',(0.,-1.,0.));
#4394=DIRECTION('',(0.,0.,-1.));
#4395=DIRECTION('',(-1.,0.,0.));
#4396=DIRECTION('',(0.,0.,-1.));
#4397=DIRECTION('',(0.,0.,-1.));
#4398=DIRECTION('',(1.,0.,0.));
#4399=DIRECTION('',(0.,0.,-1.));
#4400=DIRECTION('',(0.,0.,1.));
#4401=DIRECTION('',(-1.,0.,0.));
#4402=DIRECTION('',(0.,0.,1.));
#4403=DIRECTION('',(0.,1.,0.));
#4404=DIRECTION('',(0.,0.,1.));
#4405=DIRECTION('',(0.,0.,1.));
#4406=DIRECTION('',(-1.,0.,0.));
#4407=DIRECTION('',(0.,0.,1.));
#4408=DIRECTION('',(0.,-1.,0.));
#4409=DIRECTION('',(0.,0.,-1.));
#4410=DIRECTION('',(0.,-1.,0.));
#4411=DIRECTION('',(1.,0.,0.));
#4412=DIRECTION('',(0.,1.,0.));
#4413=DIRECTION('',(-1.,0.,0.));
#4414=DIRECTION('',(0.,-1.,0.));
#4415=DIRECTION('',(1.,0.,0.));
#4416=DIRECTION('',(0.,-1.,0.));
#4417=DIRECTION('',(1.,0.,0.));
#4418=DIRECTION('',(0.,0.,1.));
#4419=DIRECTION('',(1.,0.,0.));
#4420=DIRECTION('',(0.,0.,-1.));
#4421=DIRECTION('',(0.,0.,1.));
#4422=DIRECTION('',(1.,0.,0.));
#4423=DIRECTION('',(0.,-1.,0.));
#4424=DIRECTION('',(0.,0.,-1.));
#4425=DIRECTION('',(0.,0.,1.));
#4426=DIRECTION('',(0.,-1.,0.));
#4427=DIRECTION('',(-1.,0.,0.));
#4428=DIRECTION('',(0.,0.,1.));
#4429=DIRECTION('',(0.,0.,-1.));
#4430=DIRECTION('',(-1.,0.,0.));
#4431=DIRECTION('',(0.,1.,0.));
#4432=DIRECTION('',(0.,0.,1.));
#4433=DIRECTION('',(0.,-1.,0.));
#4434=DIRECTION('',(1.,0.,0.));
#4435=DIRECTION('',(0.,1.,0.));
#4436=DIRECTION('',(1.,0.,0.));
#4437=DIRECTION('',(0.,-1.,0.));
#4438=DIRECTION('',(0.,0.,-1.));
#4439=DIRECTION('',(-1.,0.,0.));
#4440=DIRECTION('',(0.,0.,-1.));
#4441=DIRECTION('',(0.,0.,-1.));
#4442=DIRECTION('',(1.,0.,0.));
#4443=DIRECTION('',(0.,0.,-1.));
#4444=DIRECTION('',(0.,0.,1.));
#4445=DIRECTION('',(-1.,0.,0.));
#4446=DIRECTION('',(0.,0.,1.));
#4447=DIRECTION('',(0.,1.,0.));
#4448=DIRECTION('',(0.,0.,1.));
#4449=DIRECTION('',(0.,0.,1.));
#4450=DIRECTION('',(-1.,0.,0.));
#4451=DIRECTION('',(0.,0.,1.));
#4452=DIRECTION('',(0.,-1.,0.));
#4453=DIRECTION('',(0.,0.,-1.));
#4454=DIRECTION('',(0.,1.,0.));
#4455=DIRECTION('',(1.,0.,0.));
#4456=DIRECTION('',(0.,-1.,0.));
#4457=DIRECTION('',(-1.,0.,0.));
#4458=DIRECTION('',(0.,-1.,0.));
#4459=DIRECTION('',(-1.,2.89120579329468E-015,0.));
#4460=DIRECTION('',(-1.0842021724855E-015,-1.,0.));
#4461=DIRECTION('',(-1.,0.,0.));
#4462=DIRECTION('',(5.26349613892989E-016,-1.,0.));
#4463=DIRECTION('',(1.,-4.59676359679527E-016,0.));
#4464=DIRECTION('',(-2.89120579329468E-015,1.,0.));
#4465=DIRECTION('',(1.,2.3569612445337E-016,0.));
#4466=DIRECTION('',(0.,1.,0.));
#4467=DIRECTION('',(1.,-1.80700362080917E-016,0.));
#4468=DIRECTION('',(0.,-1.,0.));
#4469=DIRECTION('',(1.,5.42101086242753E-016,0.));
#4470=DIRECTION('',(0.,-1.,0.));
#4471=DIRECTION('',(1.,-3.77113799125393E-015,0.));
#4472=DIRECTION('',(0.,-1.,0.));
#4473=DIRECTION('',(1.,1.26807271635731E-016,0.));
#4474=DIRECTION('',(-3.82702124733559E-018,1.,0.));
#4475=DIRECTION('',(-1.,0.,0.));
#4476=DIRECTION('',(1.0842021724855E-015,1.,0.));
#4477=DIRECTION('',(-1.,0.,0.));
#4478=DIRECTION('',(-3.33600668457078E-016,1.,0.));
#4479=DIRECTION('',(1.,0.,0.));
#4480=DIRECTION('',(0.,-1.,0.));
#4481=DIRECTION('',(-1.,0.,0.));
#4482=DIRECTION('',(0.,1.,0.));
#4483=DIRECTION('',(1.,0.,0.));
#4484=DIRECTION('',(0.,1.,0.));
#4485=DIRECTION('',(-1.,0.,0.));
#4486=DIRECTION('',(0.,1.,0.));
#4487=DIRECTION('',(1.,0.,0.));
#4488=DIRECTION('',(0.,-1.,0.));
#4489=DIRECTION('',(-1.,0.,0.));
#4490=DIRECTION('',(0.,1.,0.));
#4491=DIRECTION('',(1.,0.,0.));
#4492=DIRECTION('',(0.,1.,0.));
#4493=DIRECTION('',(-1.,0.,0.));
#4494=DIRECTION('',(0.,1.,0.));
#4495=DIRECTION('',(1.,0.,0.));
#4496=DIRECTION('',(0.,-1.,0.));
#4497=DIRECTION('',(-1.,0.,0.));
#4498=DIRECTION('',(0.,1.,0.));
#4499=DIRECTION('',(1.,0.,0.));
#4500=DIRECTION('',(0.,1.,0.));
#4501=DIRECTION('',(-1.,0.,0.));
#4502=DIRECTION('',(0.,1.,0.));
#4503=DIRECTION('',(1.,0.,0.));
#4504=DIRECTION('',(0.,-1.,0.));
#4505=DIRECTION('',(-1.,0.,0.));
#4506=DIRECTION('',(0.,1.,0.));
#4507=DIRECTION('',(1.,0.,0.));
#4508=DIRECTION('',(0.,1.,0.));
#4509=DIRECTION('',(-1.,0.,0.));
#4510=DIRECTION('',(0.,0.,-1.));
#4511=DIRECTION('',(-1.,0.,0.));
#4512=DIRECTION('',(-0.173648177666931,0.,0.984807753012208));
#4513=DIRECTION('',(0.,-1.,0.));
#4514=DIRECTION('',(0.173648177666931,0.,-0.984807753012208));
#4515=DIRECTION('',(-0.173648177666931,0.,0.984807753012208));
#4516=DIRECTION('',(0.,-1.,0.));
#4517=DIRECTION('',(0.173648177666931,0.,-0.984807753012208));
#4518=DIRECTION('',(-0.173648177666931,0.,0.984807753012208));
#4519=DIRECTION('',(0.,-1.,0.));
#4520=DIRECTION('',(0.173648177666931,0.,-0.984807753012208));
#4521=DIRECTION('',(-0.173648177666931,0.,0.984807753012208));
#4522=DIRECTION('',(0.,-1.,0.));
#4523=DIRECTION('',(0.173648177666931,0.,-0.984807753012208));
#4524=DIRECTION('',(0.171087869746036,0.171087869746036,-0.970287525247814));
#4525=DIRECTION('',(0.,-1.,0.));
#4526=DIRECTION('',(0.171087869746036,-0.171087869746035,-0.970287525247814));
#4527=DIRECTION('',(-0.984807753012208,0.,-0.173648177666931));
#4528=DIRECTION('',(0.,-1.,0.));
#4529=DIRECTION('',(1.,0.,0.));
#4530=DIRECTION('',(0.,-1.,0.));
#4531=DIRECTION('',(-1.,2.89120579329468E-015,0.));
#4532=DIRECTION('',(0.,-1.,0.));
#4533=DIRECTION('',(-1.,0.,0.));
#4534=DIRECTION('',(7.22801448323683E-015,-1.,0.));
#4535=DIRECTION('',(-1.,-2.89120579329469E-015,0.));
#4536=DIRECTION('',(0.,-1.,0.));
#4537=DIRECTION('',(0.,0.,-1.));
#4538=DIRECTION('',(-1.,0.,0.));
#4539=DIRECTION('',(0.,-1.,0.));
#4540=DIRECTION('',(1.,-7.22801448323672E-016,0.));
#4541=DIRECTION('',(0.,-1.,0.));
#4542=DIRECTION('',(1.,0.,0.));
#4543=DIRECTION('',(-5.35408480239756E-016,-1.,0.));
#4544=DIRECTION('',(-1.,0.,0.));
#4545=DIRECTION('',(0.,-1.,0.));
#4546=DIRECTION('',(-1.,3.61400724161836E-016,0.));
#4547=DIRECTION('',(0.,0.,-1.));
#4548=DIRECTION('',(-1.,0.,0.));
#4549=DIRECTION('',(0.17364817766693,-6.27565771582116E-017,0.984807753012208));
#4550=DIRECTION('',(0.,1.,0.));
#4551=DIRECTION('',(-0.17364817766693,-9.41348657373173E-017,-0.984807753012208));
#4552=DIRECTION('',(-0.17364817766693,3.13782885791058E-017,-0.984807753012208));
#4553=DIRECTION('',(0.,-1.,0.));
#4554=DIRECTION('',(0.17364817766693,6.27565771582116E-017,0.984807753012208));
#4555=DIRECTION('',(0.,-1.,0.));
#4556=DIRECTION('',(-0.17364817766693,0.,-0.984807753012208));
#4557=DIRECTION('',(0.,-1.,0.));
#4558=DIRECTION('',(0.17364817766693,5.02052617265694E-016,0.984807753012208));
#4559=DIRECTION('',(0.,-1.,0.));
#4560=DIRECTION('',(0.171087869746035,0.171087869746035,0.970287525247814));
#4561=DIRECTION('',(0.,1.,0.));
#4562=DIRECTION('',(0.171087869746035,-0.171087869746036,0.970287525247814));
#4563=DIRECTION('',(0.17364817766693,5.02052617265694E-016,0.984807753012208));
#4564=DIRECTION('',(0.,1.,0.));
#4565=DIRECTION('',(-0.17364817766693,1.25513154316423E-016,-0.984807753012208));
#4566=DIRECTION('',(0.984807753012208,0.,-0.17364817766693));
#4567=DIRECTION('',(0.,1.,0.));
#4568=DIRECTION('',(5.79291481460414E-017,-0.173648177666931,0.984807753012208));
#4569=DIRECTION('',(1.,0.,0.));
#4570=DIRECTION('',(0.,0.173648177666931,-0.984807753012208));
#4571=DIRECTION('',(1.,0.,0.));
#4572=DIRECTION('',(0.,-0.984807753012208,-0.173648177666931));
#4573=DIRECTION('',(1.,0.,0.));
#4574=DIRECTION('',(1.,0.,0.));
#4575=DIRECTION('',(-1.,-3.61400724161836E-016,0.));
#4576=DIRECTION('',(0.,1.,0.));
#4577=DIRECTION('',(-1.,0.,0.));
#4578=DIRECTION('',(-5.35408480239755E-016,1.,0.));
#4579=DIRECTION('',(1.,0.,0.));
#4580=DIRECTION('',(0.,1.,0.));
#4581=DIRECTION('',(0.,0.,-1.));
#4582=DIRECTION('',(-1.,0.,0.));
#4583=DIRECTION('',(0.,-1.,0.));
#4584=DIRECTION('',(1.,0.,0.));
#4585=DIRECTION('',(0.,1.,0.));
#4586=DIRECTION('',(-1.,0.,0.));
#4587=DIRECTION('',(0.,0.,1.));
#4588=DIRECTION('',(1.,0.,0.));
#4589=DIRECTION('',(-1.,-2.89120579329469E-015,0.));
#4590=DIRECTION('',(0.,1.,0.));
#4591=DIRECTION('',(-1.,0.,0.));
#4592=DIRECTION('',(0.,1.,0.));
#4593=DIRECTION('',(-1.,5.78241158658933E-015,0.));
#4594=DIRECTION('',(6.67201336914157E-016,1.,0.));
#4595=DIRECTION('',(-1.,0.,0.));
#4596=DIRECTION('',(0.,0.,-1.));
#4597=DIRECTION('',(-1.,0.,0.));
#4598=DIRECTION('',(0.,0.17364817766693,0.984807753012208));
#4599=DIRECTION('',(-1.,0.,0.));
#4600=DIRECTION('',(-1.15858296292083E-016,-0.17364817766693,-0.984807753012208));
#4601=DIRECTION('',(1.,0.,0.));
#4602=DIRECTION('',(0.,0.984807753012208,-0.17364817766693));
#4603=DIRECTION('',(-1.,0.,0.));
#4604=DIRECTION('',(0.707106781186549,-0.707106781186549,0.));
#4605=DIRECTION('',(-0.707106781186548,-0.707106781186548,0.));
#4606=DIRECTION('',(-0.707106781186549,-0.707106781186549,0.));
#4607=DIRECTION('',(0.707106781186548,-0.707106781186548,0.));
#4608=DIRECTION('',(1.,0.,0.));
#4609=DIRECTION('',(0.,0.,-1.));
#4610=DIRECTION('',(0.707106781186549,-0.707106781186549,0.));
#4611=DIRECTION('',(0.707106781186548,0.707106781186548,0.));
#4612=DIRECTION('',(0.,1.,0.));
#4613=DIRECTION('',(0.,0.,1.));
#4614=DIRECTION('',(-0.707106781186549,-0.707106781186549,0.));
#4615=DIRECTION('',(0.707106781186548,-0.707106781186548,0.));
#4616=DIRECTION('',(0.,-1.,0.));
#4617=DIRECTION('',(0.,0.,-1.));
#4618=DIRECTION('',(-1.,0.,0.));
#4619=DIRECTION('',(0.,0.,1.));
#4620=DIRECTION('',(0.,0.,1.));
#4621=DIRECTION('',(1.,0.,0.));
#4622=DIRECTION('',(0.,0.,1.));
#4623=DIRECTION('',(0.,-1.,0.));
#4624=DIRECTION('',(0.,0.,1.));
#4625=DIRECTION('',(0.,0.,1.));
#4626=DIRECTION('',(0.,-1.,0.));
#4627=DIRECTION('',(-1.,0.,0.));
#4628=DIRECTION('',(0.,0.,1.));
#4629=DIRECTION('',(1.,2.89120579329469E-015,0.));
#4630=DIRECTION('',(2.89120579329469E-015,-1.,0.));
#4631=DIRECTION('',(1.,2.89120635798331E-015,0.));
#4632=DIRECTION('',(0.,0.,1.));
#4633=DIRECTION('',(-1.,0.,0.));
#4634=DIRECTION('',(0.,1.,0.));
#4635=DIRECTION('',(0.,0.,-1.));
#4636=DIRECTION('',(0.,0.,1.));
#4637=DIRECTION('',(0.,-1.,0.));
#4638=DIRECTION('',(-1.,0.,0.));
#4639=DIRECTION('',(0.,0.,1.));
#4640=DIRECTION('',(0.,0.,1.));
#4641=DIRECTION('',(-1.,0.,0.));
#4642=DIRECTION('',(0.,1.,0.));
#4643=DIRECTION('',(0.,0.,-1.));
#4644=DIRECTION('',(0.,0.,1.));
#4645=DIRECTION('',(5.35408480239755E-016,-1.,0.));
#4646=DIRECTION('',(-1.,-5.35408480239755E-016,0.));
#4647=DIRECTION('',(5.35595873207839E-016,-1.,0.));
#4648=DIRECTION('',(0.,0.,1.));
#4649=DIRECTION('',(1.,0.,0.));
#4650=DIRECTION('',(0.,-1.,0.));
#4651=DIRECTION('',(0.,0.,1.));
#4652=DIRECTION('',(0.,0.,1.));
#4653=DIRECTION('',(0.,-1.,0.));
#4654=DIRECTION('',(-1.,0.,0.));
#4655=DIRECTION('',(0.,0.,1.));
#4656=DIRECTION('',(1.,3.61400724161836E-016,0.));
#4657=DIRECTION('',(3.61400724161836E-016,-1.,0.));
#4658=DIRECTION('',(1.,3.61473004306667E-016,0.));
#4659=DIRECTION('',(0.,0.,1.));
#4660=DIRECTION('',(-1.,1.80700362080917E-016,0.));
#4661=DIRECTION('',(1.80700362080917E-016,1.,0.));
#4662=DIRECTION('',(-1.,1.80628081936085E-016,0.));
#4663=DIRECTION('',(0.,0.,1.));
#4664=DIRECTION('',(0.,-1.,0.));
#4665=DIRECTION('',(-1.,0.,0.));
#4666=DIRECTION('',(0.,0.,1.));
#4667=DIRECTION('',(0.,0.,1.));
#4668=DIRECTION('',(-1.,-2.3569612445337E-016,0.));
#4669=DIRECTION('',(-2.3569612445337E-016,1.,0.));
#4670=DIRECTION('',(-1.,-2.35705552298349E-016,0.));
#4671=DIRECTION('',(0.,0.,1.));
#4672=DIRECTION('',(2.89120579329468E-015,-1.,0.));
#4673=DIRECTION('',(-1.,-2.89120579329468E-015,0.));
#4674=DIRECTION('',(2.89135035358434E-015,-1.,0.));
#4675=DIRECTION('',(0.,0.,1.));
#4676=DIRECTION('',(-1.,4.59676359679527E-016,0.));
#4677=DIRECTION('',(4.59676359679527E-016,1.,0.));
#4678=DIRECTION('',(-1.,4.59701721133854E-016,0.));
#4679=DIRECTION('',(0.,0.,1.));
#4680=DIRECTION('',(-5.26349613892989E-016,1.,0.));
#4681=DIRECTION('',(1.,5.26349613892989E-016,0.));
#4682=DIRECTION('',(-5.26380154741712E-016,1.,0.));
#4683=DIRECTION('',(0.,0.,1.));
#4684=DIRECTION('',(1.,0.,0.));
#4685=DIRECTION('',(0.,-1.,0.));
#4686=DIRECTION('',(0.,0.,1.));
#4687=DIRECTION('',(0.,0.,1.));
#4688=DIRECTION('',(1.0842021724855E-015,1.,0.));
#4689=DIRECTION('',(1.,-1.0842021724855E-015,0.));
#4690=DIRECTION('',(1.0842021724855E-015,1.,0.));
#4691=DIRECTION('',(0.,0.,1.));
#4692=DIRECTION('',(1.,-2.89120579329468E-015,0.));
#4693=DIRECTION('',(-2.89120579329468E-015,-1.,0.));
#4694=DIRECTION('',(1.,-2.89121482831278E-015,0.));
#4695=DIRECTION('',(0.,1.,0.));
#4696=DIRECTION('',(1.,0.,0.));
#4697=DIRECTION('',(0.,0.,-1.));
#4698=DIRECTION('',(0.,0.,1.));
#4699=DIRECTION('',(-6.67201336914157E-016,-1.,0.));
#4700=DIRECTION('',(-1.,6.67201336914157E-016,0.));
#4701=DIRECTION('',(-6.67190911893267E-016,-1.,0.));
#4702=DIRECTION('',(0.,0.,1.));
#4703=DIRECTION('',(1.,-5.78241158658933E-015,0.));
#4704=DIRECTION('',(-5.78241158658933E-015,-1.,0.));
#4705=DIRECTION('',(1.,-5.78240255157125E-015,0.));
#4706=DIRECTION('',(0.,-1.,0.));
#4707=DIRECTION('',(-1.,0.,0.));
#4708=DIRECTION('',(0.,0.,1.));
#4709=DIRECTION('',(0.,0.,-1.));
#4710=DIRECTION('',(0.,-1.,0.));
#4711=DIRECTION('',(0.,0.,1.));
#4712=DIRECTION('',(-1.,-1.26807271635731E-016,0.));
#4713=DIRECTION('',(0.,0.,1.));
#4714=DIRECTION('',(-1.26807271635731E-016,1.,0.));
#4715=DIRECTION('',(-1.,-1.26634813746307E-016,0.));
#4716=DIRECTION('',(3.82702124733559E-018,-1.,0.));
#4717=DIRECTION('',(0.,0.,1.));
#4718=DIRECTION('',(-1.,-3.82702124733559E-018,0.));
#4719=DIRECTION('',(3.79470760369927E-018,-1.,0.));
#4720=DIRECTION('',(1.,0.,0.));
#4721=DIRECTION('',(0.,0.,1.));
#4722=DIRECTION('',(0.,-1.,0.));
#4723=DIRECTION('',(0.,0.,1.));
#4724=DIRECTION('',(-1.0842021724855E-015,-1.,0.));
#4725=DIRECTION('',(0.,0.,1.));
#4726=DIRECTION('',(-1.,1.0842021724855E-015,0.));
#4727=DIRECTION('',(-1.0842021724855E-015,-1.,0.));
#4728=DIRECTION('',(1.,0.,0.));
#4729=DIRECTION('',(0.,0.,1.));
#4730=DIRECTION('',(0.,-1.,0.));
#4731=DIRECTION('',(0.,0.,1.));
#4732=DIRECTION('',(3.33600668457078E-016,-1.,0.));
#4733=DIRECTION('',(-1.,-3.33600668457078E-016,0.));
#4734=DIRECTION('',(3.33600538144317E-016,-1.,0.));
#4735=DIRECTION('',(0.,1.,0.));
#4736=DIRECTION('',(0.,0.,1.));
#4737=DIRECTION('',(1.,0.,0.));
#4738=DIRECTION('',(0.,0.,-1.));
#4739=DIRECTION('',(1.,-2.89120579329468E-015,0.));
#4740=DIRECTION('',(0.,0.,1.));
#4741=DIRECTION('',(-2.89120579329468E-015,-1.,0.));
#4742=DIRECTION('',(1.,-2.89091667271535E-015,0.));
#4743=DIRECTION('',(0.,1.,0.));
#4744=DIRECTION('',(0.,0.,1.));
#4745=DIRECTION('',(1.,0.,0.));
#4746=DIRECTION('',(0.,0.,-1.));
#4747=DIRECTION('',(1.,0.,0.));
#4748=DIRECTION('',(0.,0.,1.));
#4749=DIRECTION('',(0.,-1.,0.));
#4750=DIRECTION('',(0.,0.,1.));
#4751=DIRECTION('',(-7.22801448323683E-015,1.,0.));
#4752=DIRECTION('',(0.,0.,1.));
#4753=DIRECTION('',(1.,7.22801448323683E-015,0.));
#4754=DIRECTION('',(-7.22815904352636E-015,1.,0.));
#4755=DIRECTION('',(1.,2.89120579329469E-015,0.));
#4756=DIRECTION('',(2.89120579329469E-015,-1.,0.));
#4757=DIRECTION('',(1.,2.89091667271535E-015,0.));
#4758=DIRECTION('',(-1.,7.22801448323672E-016,4.22214510314442E-016));
#4759=DIRECTION('',(0.,0.,1.));
#4760=DIRECTION('',(7.22801448323672E-016,1.,0.));
#4761=DIRECTION('',(-1.,7.22946008613334E-016,0.));
#4762=DIRECTION('',(0.,1.,0.));
#4763=DIRECTION('',(0.,0.,1.));
#4764=DIRECTION('',(1.,0.,0.));
#4765=DIRECTION('',(0.,0.,-1.));
#4766=DIRECTION('',(-1.,0.,-5.50714578671008E-016));
#4767=DIRECTION('',(0.,0.,1.));
#4768=DIRECTION('',(0.,1.,0.));
#4769=DIRECTION('',(0.,0.,-1.));
#4770=DIRECTION('',(5.35408480239756E-016,1.,0.));
#4771=DIRECTION('',(0.,0.,1.));
#4772=DIRECTION('',(1.,-5.35408480239756E-016,0.));
#4773=DIRECTION('',(5.35595873207839E-016,1.,0.));
#4774=DIRECTION('',(1.,0.,0.));
#4775=DIRECTION('',(0.,0.,1.));
#4776=DIRECTION('',(0.,-1.,0.));
#4777=DIRECTION('',(0.,0.,1.));
#4778=DIRECTION('',(0.,1.,0.));
#4779=DIRECTION('',(0.,0.,1.));
#4780=DIRECTION('',(1.,0.,0.));
#4781=DIRECTION('',(0.,0.,-1.));
#4782=DIRECTION('',(1.,-3.61400724161836E-016,0.));
#4783=DIRECTION('',(-3.61400724161836E-016,-1.,0.));
#4784=DIRECTION('',(1.,-3.6125616387217E-016,0.));
#4785=DIRECTION('',(-1.,-5.42101086242753E-016,0.));
#4786=DIRECTION('',(0.,0.,1.));
#4787=DIRECTION('',(-5.42101086242753E-016,1.,0.));
#4788=DIRECTION('',(-1.,-5.42101086242752E-016,0.));
#4789=DIRECTION('',(0.,1.,0.));
#4790=DIRECTION('',(0.,0.,1.));
#4791=DIRECTION('',(1.,0.,0.));
#4792=DIRECTION('',(0.,0.,-1.));
#4793=DIRECTION('',(-1.,3.77113799125393E-015,0.));
#4794=DIRECTION('',(0.,0.,1.));
#4795=DIRECTION('',(3.77113799125393E-015,1.,0.));
#4796=DIRECTION('',(-1.,3.77128883677358E-015,0.));
#4797=DIRECTION('',(0.,1.,0.));
#4798=DIRECTION('',(1.,0.,0.));
#4799=DIRECTION('',(0.,0.,-1.));
#4800=DIRECTION('',(0.,0.,1.));
#4801=DIRECTION('',(0.,1.,0.));
#4802=DIRECTION('',(-1.,0.,0.));
#4803=DIRECTION('',(0.,1.,0.));
#4804=DIRECTION('',(1.,0.,0.));
#4805=DIRECTION('',(0.,-1.,0.));
#4806=DIRECTION('',(-1.,0.,0.));
#4807=DIRECTION('',(0.,1.,0.));
#4808=DIRECTION('',(-1.,0.,0.));
#4809=DIRECTION('',(0.,0.,1.));
#4810=DIRECTION('',(1.,0.,0.));
#4811=DIRECTION('',(0.,0.,-1.));
#4812=DIRECTION('',(0.,0.,1.));
#4813=DIRECTION('',(0.,-1.,0.));
#4814=DIRECTION('',(0.,0.,-1.));
#4815=DIRECTION('',(0.,0.,-1.));
#4816=DIRECTION('',(-1.,0.,0.));
#4817=DIRECTION('',(0.,0.,1.));
#4818=DIRECTION('',(0.,0.,1.));
#4819=DIRECTION('',(0.,1.,0.));
#4820=DIRECTION('',(0.,0.,1.));
#4821=DIRECTION('',(0.,0.,-1.));
#4822=DIRECTION('',(-1.,0.,0.));
#4823=DIRECTION('',(0.,0.,1.));
#4824=DIRECTION('',(0.,1.,0.));
#4825=DIRECTION('',(0.,0.,1.));
#4826=DIRECTION('',(0.,0.,-1.));
#4827=DIRECTION('',(-1.,0.,0.));
#4828=DIRECTION('',(0.,0.,1.));
#4829=DIRECTION('',(0.,-1.,0.));
#4830=DIRECTION('',(0.,0.,-1.));
#4831=DIRECTION('',(-1.,0.,0.));
#4832=DIRECTION('',(0.,1.,0.));
#4833=DIRECTION('',(1.,0.,0.));
#4834=DIRECTION('',(0.,-1.,0.));
#4835=DIRECTION('',(-1.,0.,0.));
#4836=DIRECTION('',(0.,1.,0.));
#4837=DIRECTION('',(-1.,0.,0.));
#4838=DIRECTION('',(0.,0.,1.));
#4839=DIRECTION('',(1.,0.,0.));
#4840=DIRECTION('',(0.,0.,-1.));
#4841=DIRECTION('',(0.,0.,1.));
#4842=DIRECTION('',(0.,-1.,0.));
#4843=DIRECTION('',(0.,0.,-1.));
#4844=DIRECTION('',(0.,0.,-1.));
#4845=DIRECTION('',(-1.,0.,0.));
#4846=DIRECTION('',(0.,0.,1.));
#4847=DIRECTION('',(0.,0.,1.));
#4848=DIRECTION('',(0.,1.,0.));
#4849=DIRECTION('',(0.,0.,1.));
#4850=DIRECTION('',(0.,0.,-1.));
#4851=DIRECTION('',(-1.,0.,0.));
#4852=DIRECTION('',(0.,0.,1.));
#4853=DIRECTION('',(0.,1.,0.));
#4854=DIRECTION('',(0.,0.,1.));
#4855=DIRECTION('',(0.,0.,-1.));
#4856=DIRECTION('',(-1.,0.,0.));
#4857=DIRECTION('',(0.,0.,1.));
#4858=DIRECTION('',(0.,-1.,0.));
#4859=DIRECTION('',(0.,0.,-1.));
#4860=DIRECTION('',(-1.,0.,0.));
#4861=DIRECTION('',(0.,1.,0.));
#4862=DIRECTION('',(1.,0.,0.));
#4863=DIRECTION('',(0.,-1.,0.));
#4864=DIRECTION('',(-1.,0.,0.));
#4865=DIRECTION('',(0.,1.,0.));
#4866=DIRECTION('',(-1.,0.,0.));
#4867=DIRECTION('',(0.,0.,1.));
#4868=DIRECTION('',(1.,0.,0.));
#4869=DIRECTION('',(0.,0.,-1.));
#4870=DIRECTION('',(0.,0.,1.));
#4871=DIRECTION('',(0.,-1.,0.));
#4872=DIRECTION('',(0.,0.,-1.));
#4873=DIRECTION('',(0.,0.,-1.));
#4874=DIRECTION('',(-1.,0.,0.));
#4875=DIRECTION('',(0.,0.,1.));
#4876=DIRECTION('',(0.,0.,1.));
#4877=DIRECTION('',(0.,1.,0.));
#4878=DIRECTION('',(0.,0.,1.));
#4879=DIRECTION('',(0.,0.,-1.));
#4880=DIRECTION('',(-1.,0.,0.));
#4881=DIRECTION('',(0.,0.,1.));
#4882=DIRECTION('',(0.,1.,0.));
#4883=DIRECTION('',(0.,0.,1.));
#4884=DIRECTION('',(0.,0.,-1.));
#4885=DIRECTION('',(-1.,0.,0.));
#4886=DIRECTION('',(0.,0.,1.));
#4887=DIRECTION('',(0.,-1.,0.));
#4888=DIRECTION('',(0.,0.,-1.));
#4889=DIRECTION('',(-1.,0.,0.));
#4890=DIRECTION('',(0.,1.,0.));
#4891=DIRECTION('',(1.,0.,0.));
#4892=DIRECTION('',(0.,-1.,0.));
#4893=DIRECTION('',(-1.,0.,0.));
#4894=DIRECTION('',(0.,1.,0.));
#4895=DIRECTION('',(-1.,0.,0.));
#4896=DIRECTION('',(0.,0.,1.));
#4897=DIRECTION('',(1.,0.,0.));
#4898=DIRECTION('',(0.,0.,-1.));
#4899=DIRECTION('',(0.,0.,1.));
#4900=DIRECTION('',(0.,-1.,0.));
#4901=DIRECTION('',(0.,0.,-1.));
#4902=DIRECTION('',(0.,0.,-1.));
#4903=DIRECTION('',(-1.,0.,0.));
#4904=DIRECTION('',(0.,0.,1.));
#4905=DIRECTION('',(0.,0.,1.));
#4906=DIRECTION('',(0.,1.,0.));
#4907=DIRECTION('',(0.,0.,1.));
#4908=DIRECTION('',(0.,0.,-1.));
#4909=DIRECTION('',(-1.,0.,0.));
#4910=DIRECTION('',(0.,0.,1.));
#4911=DIRECTION('',(0.,1.,0.));
#4912=DIRECTION('',(0.,0.,1.));
#4913=DIRECTION('',(0.,0.,-1.));
#4914=DIRECTION('',(-1.,0.,0.));
#4915=DIRECTION('',(0.,0.,1.));
#4916=DIRECTION('',(0.,-1.,0.));
#4917=DIRECTION('',(0.,0.,-1.));
#4918=CARTESIAN_POINT('',(0.,0.,0.));
#4919=CARTESIAN_POINT('',(-2.60573842257819,2.3,-0.59));
#4920=CARTESIAN_POINT('',(-2.60573842257819,2.3,-0.59));
#4921=CARTESIAN_POINT('',(0.814261577421812,2.3,-0.59));
#4922=CARTESIAN_POINT('',(0.814261577421812,2.3,-0.37));
#4923=CARTESIAN_POINT('',(0.814261577421812,2.3,-0.37));
#4924=CARTESIAN_POINT('',(-2.60573842257819,2.3,-0.37));
#4925=CARTESIAN_POINT('',(-2.60573842257819,2.3,-0.37));
#4926=CARTESIAN_POINT('',(-2.60573842257819,2.3,-0.37));
#4927=CARTESIAN_POINT('',(-2.60573842257819,2.3,-0.37));
#4928=CARTESIAN_POINT('',(0.814261577421812,2.3,-0.59));
#4929=CARTESIAN_POINT('',(0.814261577421812,4.1,-0.59));
#4930=CARTESIAN_POINT('',(0.814261577421812,4.1,-0.37));
#4931=CARTESIAN_POINT('',(0.814261577421812,4.1,-0.37));
#4932=CARTESIAN_POINT('',(0.814261577421812,2.3,-0.37));
#4933=CARTESIAN_POINT('',(0.814261577421812,2.3,-0.37));
#4934=CARTESIAN_POINT('',(0.814261577421812,4.1,-0.59));
#4935=CARTESIAN_POINT('',(0.164261577421812,4.1,-0.59));
#4936=CARTESIAN_POINT('',(0.164261577421812,4.1,-0.37));
#4937=CARTESIAN_POINT('',(0.164261577421812,4.1,-0.37));
#4938=CARTESIAN_POINT('',(0.814261577421812,4.1,-0.37));
#4939=CARTESIAN_POINT('',(0.814261577421812,4.1,-0.37));
#4940=CARTESIAN_POINT('',(0.164261577421812,4.1,-0.59));
#4941=CARTESIAN_POINT('',(0.164261577421812,4.2,-0.59));
#4942=CARTESIAN_POINT('',(0.164261577421812,4.2,-0.37));
#4943=CARTESIAN_POINT('',(0.164261577421812,4.2,-0.37));
#4944=CARTESIAN_POINT('',(0.164261577421812,4.1,-0.37));
#4945=CARTESIAN_POINT('',(0.164261577421812,4.1,-0.37));
#4946=CARTESIAN_POINT('',(0.164261577421812,4.2,-0.59));
#4947=CARTESIAN_POINT('',(0.014261577421812,4.2,-0.59));
#4948=CARTESIAN_POINT('',(0.014261577421812,4.2,-0.37));
#4949=CARTESIAN_POINT('',(0.014261577421812,4.2,-0.37));
#4950=CARTESIAN_POINT('',(0.164261577421812,4.2,-0.37));
#4951=CARTESIAN_POINT('',(0.164261577421812,4.2,-0.37));
#4952=CARTESIAN_POINT('',(0.014261577421812,4.2,-0.59));
#4953=CARTESIAN_POINT('',(0.014261577421812,4.525,-0.59));
#4954=CARTESIAN_POINT('',(0.014261577421812,4.525,-0.37));
#4955=CARTESIAN_POINT('',(0.014261577421812,4.525,-0.37));
#4956=CARTESIAN_POINT('',(0.014261577421812,4.2,-0.37));
#4957=CARTESIAN_POINT('',(0.014261577421812,4.2,-0.37));
#4958=CARTESIAN_POINT('',(0.014261577421812,4.525,-0.59));
#4959=CARTESIAN_POINT('',(-0.185738422578188,4.525,-0.59));
#4960=CARTESIAN_POINT('',(-0.185738422578188,4.525,-0.37));
#4961=CARTESIAN_POINT('',(-0.185738422578188,4.525,-0.37));
#4962=CARTESIAN_POINT('',(0.014261577421812,4.525,-0.37));
#4963=CARTESIAN_POINT('',(0.014261577421812,4.525,-0.37));
#4964=CARTESIAN_POINT('',(-0.185738422578188,4.525,-0.59));
#4965=CARTESIAN_POINT('',(-0.185738422578188,4.2,-0.59));
#4966=CARTESIAN_POINT('',(-0.185738422578188,4.2,-0.37));
#4967=CARTESIAN_POINT('',(-0.185738422578188,4.2,-0.37));
#4968=CARTESIAN_POINT('',(-0.185738422578188,4.525,-0.37));
#4969=CARTESIAN_POINT('',(-0.185738422578188,4.525,-0.37));
#4970=CARTESIAN_POINT('',(-0.185738422578188,4.2,-0.59));
#4971=CARTESIAN_POINT('',(-0.335738422578188,4.2,-0.59));
#4972=CARTESIAN_POINT('',(-0.335738422578188,4.2,-0.37));
#4973=CARTESIAN_POINT('',(-0.335738422578188,4.2,-0.37));
#4974=CARTESIAN_POINT('',(-0.185738422578188,4.2,-0.37));
#4975=CARTESIAN_POINT('',(-0.185738422578188,4.2,-0.37));
#4976=CARTESIAN_POINT('',(-0.335738422578188,4.2,-0.59));
#4977=CARTESIAN_POINT('',(-0.335738422578188,4.1,-0.59));
#4978=CARTESIAN_POINT('',(-0.335738422578188,4.1,-0.37));
#4979=CARTESIAN_POINT('',(-0.335738422578188,4.1,-0.37));
#4980=CARTESIAN_POINT('',(-0.335738422578188,4.2,-0.37));
#4981=CARTESIAN_POINT('',(-0.335738422578188,4.2,-0.37));
#4982=CARTESIAN_POINT('',(-0.335738422578188,4.1,-0.59));
#4983=CARTESIAN_POINT('',(-2.83573842257819,4.1,-0.59));
#4984=CARTESIAN_POINT('',(-2.83573842257819,4.1,-0.37));
#4985=CARTESIAN_POINT('',(-2.83573842257819,4.1,-0.37));
#4986=CARTESIAN_POINT('',(-0.335738422578188,4.1,-0.37));
#4987=CARTESIAN_POINT('',(-0.335738422578188,4.1,-0.37));
#4988=CARTESIAN_POINT('',(-2.83573842257819,4.1,-0.59));
#4989=CARTESIAN_POINT('',(-2.83573842257819,4.04,-0.59));
#4990=CARTESIAN_POINT('',(-2.83573842257819,4.04,-0.37));
#4991=CARTESIAN_POINT('',(-2.83573842257819,4.04,-0.37));
#4992=CARTESIAN_POINT('',(-2.83573842257819,4.1,-0.37));
#4993=CARTESIAN_POINT('',(-2.83573842257819,4.1,-0.37));
#4994=CARTESIAN_POINT('',(-2.83573842257819,4.04,-0.59));
#4995=CARTESIAN_POINT('',(-3.13573842257819,4.04,-0.59));
#4996=CARTESIAN_POINT('',(-3.13573842257819,4.04,-0.37));
#4997=CARTESIAN_POINT('',(-3.13573842257819,4.04,-0.37));
#4998=CARTESIAN_POINT('',(-2.83573842257819,4.04,-0.37));
#4999=CARTESIAN_POINT('',(-2.83573842257819,4.04,-0.37));
#5000=CARTESIAN_POINT('',(-3.13573842257819,4.04,-0.59));
#5001=CARTESIAN_POINT('',(-3.13573842257819,3.74,-0.59));
#5002=CARTESIAN_POINT('',(-3.13573842257819,3.74,-0.37));
#5003=CARTESIAN_POINT('',(-3.13573842257819,3.74,-0.37));
#5004=CARTESIAN_POINT('',(-3.13573842257819,4.04,-0.37));
#5005=CARTESIAN_POINT('',(-3.13573842257819,4.04,-0.37));
#5006=CARTESIAN_POINT('',(-3.13573842257819,3.74,-0.59));
#5007=CARTESIAN_POINT('',(-2.83573842257819,3.74,-0.59));
#5008=CARTESIAN_POINT('',(-2.83573842257819,3.74,-0.37));
#5009=CARTESIAN_POINT('',(-2.83573842257819,3.74,-0.37));
#5010=CARTESIAN_POINT('',(-3.13573842257819,3.74,-0.37));
#5011=CARTESIAN_POINT('',(-3.13573842257819,3.74,-0.37));
#5012=CARTESIAN_POINT('',(-2.83573842257819,3.74,-0.59));
#5013=CARTESIAN_POINT('',(-2.83573842257819,3.68,-0.59));
#5014=CARTESIAN_POINT('',(-2.83573842257819,3.68,-0.37));
#5015=CARTESIAN_POINT('',(-2.83573842257819,3.68,-0.37));
#5016=CARTESIAN_POINT('',(-2.83573842257819,3.74,-0.37));
#5017=CARTESIAN_POINT('',(-2.83573842257819,3.74,-0.37));
#5018=CARTESIAN_POINT('',(-2.83573842257819,3.68,-0.59));
#5019=CARTESIAN_POINT('',(-2.60573842257819,3.68,-0.59));
#5020=CARTESIAN_POINT('',(-2.60573842257819,3.68,-0.37));
#5021=CARTESIAN_POINT('',(-2.60573842257819,3.68,-0.37));
#5022=CARTESIAN_POINT('',(-2.83573842257819,3.68,-0.37));
#5023=CARTESIAN_POINT('',(-2.83573842257819,3.68,-0.37));
#5024=CARTESIAN_POINT('',(-2.60573842257819,3.68,-0.59));
#5025=CARTESIAN_POINT('',(-2.60573842257819,2.87,-0.59));
#5026=CARTESIAN_POINT('',(-2.60573842257819,2.87,-0.37));
#5027=CARTESIAN_POINT('',(-2.60573842257819,2.87,-0.37));
#5028=CARTESIAN_POINT('',(-2.60573842257819,3.68,-0.37));
#5029=CARTESIAN_POINT('',(-2.60573842257819,3.68,-0.37));
#5030=CARTESIAN_POINT('',(-2.60573842257819,2.87,-0.59));
#5031=CARTESIAN_POINT('',(-2.83573842257819,2.87,-0.59));
#5032=CARTESIAN_POINT('',(-2.83573842257819,2.87,-0.37));
#5033=CARTESIAN_POINT('',(-2.83573842257819,2.87,-0.37));
#5034=CARTESIAN_POINT('',(-2.60573842257819,2.87,-0.37));
#5035=CARTESIAN_POINT('',(-2.60573842257819,2.87,-0.37));
#5036=CARTESIAN_POINT('',(-2.83573842257819,2.87,-0.59));
#5037=CARTESIAN_POINT('',(-2.83573842257819,2.81,-0.59));
#5038=CARTESIAN_POINT('',(-2.83573842257819,2.81,-0.37));
#5039=CARTESIAN_POINT('',(-2.83573842257819,2.81,-0.37));
#5040=CARTESIAN_POINT('',(-2.83573842257819,2.87,-0.37));
#5041=CARTESIAN_POINT('',(-2.83573842257819,2.87,-0.37));
#5042=CARTESIAN_POINT('',(-2.83573842257819,2.81,-0.59));
#5043=CARTESIAN_POINT('',(-3.13573842257819,2.81,-0.59));
#5044=CARTESIAN_POINT('',(-3.13573842257819,2.81,-0.37));
#5045=CARTESIAN_POINT('',(-3.13573842257819,2.81,-0.37));
#5046=CARTESIAN_POINT('',(-2.83573842257819,2.81,-0.37));
#5047=CARTESIAN_POINT('',(-2.83573842257819,2.81,-0.37));
#5048=CARTESIAN_POINT('',(-3.13573842257819,2.81,-0.59));
#5049=CARTESIAN_POINT('',(-3.13573842257819,2.51,-0.59));
#5050=CARTESIAN_POINT('',(-3.13573842257819,2.51,-0.37));
#5051=CARTESIAN_POINT('',(-3.13573842257819,2.51,-0.37));
#5052=CARTESIAN_POINT('',(-3.13573842257819,2.81,-0.37));
#5053=CARTESIAN_POINT('',(-3.13573842257819,2.81,-0.37));
#5054=CARTESIAN_POINT('',(-3.13573842257819,2.51,-0.59));
#5055=CARTESIAN_POINT('',(-2.83573842257819,2.51,-0.59));
#5056=CARTESIAN_POINT('',(-2.83573842257819,2.51,-0.37));
#5057=CARTESIAN_POINT('',(-2.83573842257819,2.51,-0.37));
#5058=CARTESIAN_POINT('',(-3.13573842257819,2.51,-0.37));
#5059=CARTESIAN_POINT('',(-3.13573842257819,2.51,-0.37));
#5060=CARTESIAN_POINT('',(-2.83573842257819,2.51,-0.59));
#5061=CARTESIAN_POINT('',(-2.83573842257819,2.45,-0.59));
#5062=CARTESIAN_POINT('',(-2.83573842257819,2.45,-0.37));
#5063=CARTESIAN_POINT('',(-2.83573842257819,2.45,-0.37));
#5064=CARTESIAN_POINT('',(-2.83573842257819,2.51,-0.37));
#5065=CARTESIAN_POINT('',(-2.83573842257819,2.51,-0.37));
#5066=CARTESIAN_POINT('',(-2.83573842257819,2.45,-0.59));
#5067=CARTESIAN_POINT('',(-2.60573842257819,2.45,-0.59));
#5068=CARTESIAN_POINT('',(-2.60573842257819,2.45,-0.37));
#5069=CARTESIAN_POINT('',(-2.60573842257819,2.45,-0.37));
#5070=CARTESIAN_POINT('',(-2.83573842257819,2.45,-0.37));
#5071=CARTESIAN_POINT('',(-2.83573842257819,2.45,-0.37));
#5072=CARTESIAN_POINT('',(-2.60573842257819,2.45,-0.59));
#5073=CARTESIAN_POINT('',(-2.60573842257819,2.45,-0.37));
#5074=CARTESIAN_POINT('',(-2.60573842257819,2.45,-0.37));
#5075=CARTESIAN_POINT('',(0.814261577421812,2.025,-0.37));
#5076=CARTESIAN_POINT('',(0.814261577421812,2.025,-0.59));
#5077=CARTESIAN_POINT('',(-0.335738422578188,-0.0500000000000001,-0.59));
#5078=CARTESIAN_POINT('',(-0.335738422578188,-0.0500000000000001,-0.59));
#5079=CARTESIAN_POINT('',(-2.83573842257819,-0.0500000000000001,-0.59));
#5080=CARTESIAN_POINT('',(-0.335738422578188,-0.0500000000000001,-0.37));
#5081=CARTESIAN_POINT('',(-0.335738422578188,-0.0500000000000001,-0.37));
#5082=CARTESIAN_POINT('',(-0.335738422578188,-0.0500000000000001,-0.37));
#5083=CARTESIAN_POINT('',(-2.83573842257819,-0.0500000000000001,-0.37));
#5084=CARTESIAN_POINT('',(-2.83573842257819,-0.0500000000000001,-0.37));
#5085=CARTESIAN_POINT('',(-0.335738422578188,-0.0500000000000001,-0.37));
#5086=CARTESIAN_POINT('',(-2.83573842257819,-0.0500000000000001,-0.59));
#5087=CARTESIAN_POINT('',(-2.83573842257819,0.01,-0.59));
#5088=CARTESIAN_POINT('',(-2.83573842257819,-0.0500000000000001,-0.37));
#5089=CARTESIAN_POINT('',(-2.83573842257819,0.01,-0.37));
#5090=CARTESIAN_POINT('',(-2.83573842257819,0.01,-0.37));
#5091=CARTESIAN_POINT('',(-2.83573842257819,-0.0500000000000001,-0.37));
#5092=CARTESIAN_POINT('',(-2.83573842257819,0.01,-0.59));
#5093=CARTESIAN_POINT('',(-3.13573842257819,0.01,-0.59));
#5094=CARTESIAN_POINT('',(-2.83573842257819,0.01,-0.37));
#5095=CARTESIAN_POINT('',(-3.13573842257819,0.01,-0.37));
#5096=CARTESIAN_POINT('',(-3.13573842257819,0.01,-0.37));
#5097=CARTESIAN_POINT('',(-2.83573842257819,0.01,-0.37));
#5098=CARTESIAN_POINT('',(-3.13573842257819,0.01,-0.59));
#5099=CARTESIAN_POINT('',(-3.13573842257819,0.31,-0.59));
#5100=CARTESIAN_POINT('',(-3.13573842257819,0.01,-0.37));
#5101=CARTESIAN_POINT('',(-3.13573842257819,0.31,-0.37));
#5102=CARTESIAN_POINT('',(-3.13573842257819,0.31,-0.37));
#5103=CARTESIAN_POINT('',(-3.13573842257819,0.01,-0.37));
#5104=CARTESIAN_POINT('',(-3.13573842257819,0.31,-0.59));
#5105=CARTESIAN_POINT('',(-2.83573842257819,0.31,-0.59));
#5106=CARTESIAN_POINT('',(-3.13573842257819,0.31,-0.37));
#5107=CARTESIAN_POINT('',(-2.83573842257819,0.31,-0.37));
#5108=CARTESIAN_POINT('',(-2.83573842257819,0.31,-0.37));
#5109=CARTESIAN_POINT('',(-3.13573842257819,0.31,-0.37));
#5110=CARTESIAN_POINT('',(-2.83573842257819,0.31,-0.59));
#5111=CARTESIAN_POINT('',(-2.83573842257819,0.37,-0.59));
#5112=CARTESIAN_POINT('',(-2.83573842257819,0.31,-0.37));
#5113=CARTESIAN_POINT('',(-2.83573842257819,0.37,-0.37));
#5114=CARTESIAN_POINT('',(-2.83573842257819,0.37,-0.37));
#5115=CARTESIAN_POINT('',(-2.83573842257819,0.31,-0.37));
#5116=CARTESIAN_POINT('',(-2.83573842257819,0.37,-0.59));
#5117=CARTESIAN_POINT('',(-2.60573842257819,0.37,-0.59));
#5118=CARTESIAN_POINT('',(-2.83573842257819,0.37,-0.37));
#5119=CARTESIAN_POINT('',(-2.60573842257819,0.37,-0.37));
#5120=CARTESIAN_POINT('',(-2.60573842257819,0.37,-0.37));
#5121=CARTESIAN_POINT('',(-2.83573842257819,0.37,-0.37));
#5122=CARTESIAN_POINT('',(-2.60573842257819,0.37,-0.59));
#5123=CARTESIAN_POINT('',(-2.60573842257819,1.18,-0.59));
#5124=CARTESIAN_POINT('',(-2.60573842257819,0.37,-0.37));
#5125=CARTESIAN_POINT('',(-2.60573842257819,1.18,-0.37));
#5126=CARTESIAN_POINT('',(-2.60573842257819,1.18,-0.37));
#5127=CARTESIAN_POINT('',(-2.60573842257819,0.37,-0.37));
#5128=CARTESIAN_POINT('',(-2.60573842257819,1.18,-0.59));
#5129=CARTESIAN_POINT('',(-2.83573842257819,1.18,-0.59));
#5130=CARTESIAN_POINT('',(-2.60573842257819,1.18,-0.37));
#5131=CARTESIAN_POINT('',(-2.83573842257819,1.18,-0.37));
#5132=CARTESIAN_POINT('',(-2.83573842257819,1.18,-0.37));
#5133=CARTESIAN_POINT('',(-2.60573842257819,1.18,-0.37));
#5134=CARTESIAN_POINT('',(-2.83573842257819,1.18,-0.59));
#5135=CARTESIAN_POINT('',(-2.83573842257819,1.24,-0.59));
#5136=CARTESIAN_POINT('',(-2.83573842257819,1.18,-0.37));
#5137=CARTESIAN_POINT('',(-2.83573842257819,1.24,-0.37));
#5138=CARTESIAN_POINT('',(-2.83573842257819,1.24,-0.37));
#5139=CARTESIAN_POINT('',(-2.83573842257819,1.18,-0.37));
#5140=CARTESIAN_POINT('',(-2.83573842257819,1.24,-0.59));
#5141=CARTESIAN_POINT('',(-3.13573842257819,1.24,-0.59));
#5142=CARTESIAN_POINT('',(-2.83573842257819,1.24,-0.37));
#5143=CARTESIAN_POINT('',(-3.13573842257819,1.24,-0.37));
#5144=CARTESIAN_POINT('',(-3.13573842257819,1.24,-0.37));
#5145=CARTESIAN_POINT('',(-2.83573842257819,1.24,-0.37));
#5146=CARTESIAN_POINT('',(-3.13573842257819,1.24,-0.59));
#5147=CARTESIAN_POINT('',(-3.13573842257819,1.54,-0.59));
#5148=CARTESIAN_POINT('',(-3.13573842257819,1.24,-0.37));
#5149=CARTESIAN_POINT('',(-3.13573842257819,1.54,-0.37));
#5150=CARTESIAN_POINT('',(-3.13573842257819,1.54,-0.37));
#5151=CARTESIAN_POINT('',(-3.13573842257819,1.24,-0.37));
#5152=CARTESIAN_POINT('',(-3.13573842257819,1.54,-0.59));
#5153=CARTESIAN_POINT('',(-2.83573842257819,1.54,-0.59));
#5154=CARTESIAN_POINT('',(-3.13573842257819,1.54,-0.37));
#5155=CARTESIAN_POINT('',(-2.83573842257819,1.54,-0.37));
#5156=CARTESIAN_POINT('',(-2.83573842257819,1.54,-0.37));
#5157=CARTESIAN_POINT('',(-3.13573842257819,1.54,-0.37));
#5158=CARTESIAN_POINT('',(-2.83573842257819,1.54,-0.59));
#5159=CARTESIAN_POINT('',(-2.83573842257819,1.6,-0.59));
#5160=CARTESIAN_POINT('',(-2.83573842257819,1.54,-0.37));
#5161=CARTESIAN_POINT('',(-2.83573842257819,1.6,-0.37));
#5162=CARTESIAN_POINT('',(-2.83573842257819,1.6,-0.37));
#5163=CARTESIAN_POINT('',(-2.83573842257819,1.54,-0.37));
#5164=CARTESIAN_POINT('',(-2.83573842257819,1.6,-0.59));
#5165=CARTESIAN_POINT('',(-2.60573842257819,1.6,-0.59));
#5166=CARTESIAN_POINT('',(-2.83573842257819,1.6,-0.37));
#5167=CARTESIAN_POINT('',(-2.60573842257819,1.6,-0.37));
#5168=CARTESIAN_POINT('',(-2.60573842257819,1.6,-0.37));
#5169=CARTESIAN_POINT('',(-2.83573842257819,1.6,-0.37));
#5170=CARTESIAN_POINT('',(-2.60573842257819,1.6,-0.59));
#5171=CARTESIAN_POINT('',(-2.60573842257819,1.75,-0.59));
#5172=CARTESIAN_POINT('',(-2.60573842257819,1.6,-0.37));
#5173=CARTESIAN_POINT('',(-2.60573842257819,1.75,-0.37));
#5174=CARTESIAN_POINT('',(-2.60573842257819,1.75,-0.37));
#5175=CARTESIAN_POINT('',(-2.60573842257819,1.6,-0.37));
#5176=CARTESIAN_POINT('',(-2.60573842257819,1.75,-0.59));
#5177=CARTESIAN_POINT('',(0.814261577421813,1.75,-0.59));
#5178=CARTESIAN_POINT('',(-2.60573842257819,1.75,-0.37));
#5179=CARTESIAN_POINT('',(0.814261577421813,1.75,-0.37));
#5180=CARTESIAN_POINT('',(0.814261577421813,1.75,-0.37));
#5181=CARTESIAN_POINT('',(-2.60573842257819,1.75,-0.37));
#5182=CARTESIAN_POINT('',(0.814261577421813,1.75,-0.59));
#5183=CARTESIAN_POINT('',(0.814261577421814,-0.0500000000000001,-0.59));
#5184=CARTESIAN_POINT('',(0.814261577421813,1.75,-0.37));
#5185=CARTESIAN_POINT('',(0.814261577421814,-0.0500000000000001,-0.37));
#5186=CARTESIAN_POINT('',(0.814261577421814,-0.0500000000000001,-0.37));
#5187=CARTESIAN_POINT('',(0.814261577421813,1.75,-0.37));
#5188=CARTESIAN_POINT('',(0.814261577421814,-0.0500000000000001,-0.59));
#5189=CARTESIAN_POINT('',(0.164261577421812,-0.0500000000000001,-0.59));
#5190=CARTESIAN_POINT('',(0.814261577421814,-0.0500000000000001,-0.37));
#5191=CARTESIAN_POINT('',(0.164261577421812,-0.0500000000000001,-0.37));
#5192=CARTESIAN_POINT('',(0.164261577421812,-0.0500000000000001,-0.37));
#5193=CARTESIAN_POINT('',(0.814261577421814,-0.0500000000000001,-0.37));
#5194=CARTESIAN_POINT('',(0.164261577421812,-0.0500000000000001,-0.59));
#5195=CARTESIAN_POINT('',(0.164261577421812,-0.15,-0.59));
#5196=CARTESIAN_POINT('',(0.164261577421812,-0.0500000000000001,-0.37));
#5197=CARTESIAN_POINT('',(0.164261577421812,-0.15,-0.37));
#5198=CARTESIAN_POINT('',(0.164261577421812,-0.15,-0.37));
#5199=CARTESIAN_POINT('',(0.164261577421812,-0.0500000000000001,-0.37));
#5200=CARTESIAN_POINT('',(0.164261577421812,-0.15,-0.59));
#5201=CARTESIAN_POINT('',(0.014261577421812,-0.15,-0.59));
#5202=CARTESIAN_POINT('',(0.164261577421812,-0.15,-0.37));
#5203=CARTESIAN_POINT('',(0.014261577421812,-0.15,-0.37));
#5204=CARTESIAN_POINT('',(0.014261577421812,-0.15,-0.37));
#5205=CARTESIAN_POINT('',(0.164261577421812,-0.15,-0.37));
#5206=CARTESIAN_POINT('',(0.014261577421812,-0.15,-0.59));
#5207=CARTESIAN_POINT('',(0.014261577421812,-0.475,-0.59));
#5208=CARTESIAN_POINT('',(0.014261577421812,-0.15,-0.37));
#5209=CARTESIAN_POINT('',(0.014261577421812,-0.475,-0.37));
#5210=CARTESIAN_POINT('',(0.014261577421812,-0.475,-0.37));
#5211=CARTESIAN_POINT('',(0.014261577421812,-0.15,-0.37));
#5212=CARTESIAN_POINT('',(0.014261577421812,-0.475,-0.59));
#5213=CARTESIAN_POINT('',(-0.185738422578188,-0.475,-0.59));
#5214=CARTESIAN_POINT('',(0.014261577421812,-0.475,-0.37));
#5215=CARTESIAN_POINT('',(-0.185738422578188,-0.475,-0.37));
#5216=CARTESIAN_POINT('',(-0.185738422578188,-0.475,-0.37));
#5217=CARTESIAN_POINT('',(0.014261577421812,-0.475,-0.37));
#5218=CARTESIAN_POINT('',(-0.185738422578188,-0.475,-0.59));
#5219=CARTESIAN_POINT('',(-0.185738422578188,-0.15,-0.59));
#5220=CARTESIAN_POINT('',(-0.185738422578188,-0.475,-0.37));
#5221=CARTESIAN_POINT('',(-0.185738422578188,-0.15,-0.37));
#5222=CARTESIAN_POINT('',(-0.185738422578188,-0.15,-0.37));
#5223=CARTESIAN_POINT('',(-0.185738422578188,-0.475,-0.37));
#5224=CARTESIAN_POINT('',(-0.185738422578188,-0.15,-0.59));
#5225=CARTESIAN_POINT('',(-0.335738422578188,-0.15,-0.59));
#5226=CARTESIAN_POINT('',(-0.185738422578188,-0.15,-0.37));
#5227=CARTESIAN_POINT('',(-0.335738422578188,-0.15,-0.37));
#5228=CARTESIAN_POINT('',(-0.335738422578188,-0.15,-0.37));
#5229=CARTESIAN_POINT('',(-0.185738422578188,-0.15,-0.37));
#5230=CARTESIAN_POINT('',(-0.335738422578188,-0.15,-0.59));
#5231=CARTESIAN_POINT('',(-0.335738422578188,-0.15,-0.37));
#5232=CARTESIAN_POINT('',(-0.335738422578188,-0.15,-0.37));
#5233=CARTESIAN_POINT('',(0.814261577421812,2.025,-0.37));
#5234=CARTESIAN_POINT('',(0.814261577421812,2.025,-0.59));
#5235=CARTESIAN_POINT('',(2.61426157742181,4.14,-0.37));
#5236=CARTESIAN_POINT('',(2.61426157742181,4.14,-0.37));
#5237=CARTESIAN_POINT('',(2.61426157742181,4.08,-0.37));
#5238=CARTESIAN_POINT('',(2.64926157742181,4.14,-0.37));
#5239=CARTESIAN_POINT('',(2.38426157742181,4.14,-0.37));
#5240=CARTESIAN_POINT('',(2.38426157742181,3.93,-0.37));
#5241=CARTESIAN_POINT('',(2.38426157742181,3.72,-0.37));
#5242=CARTESIAN_POINT('',(2.64926157742181,3.72,-0.37));
#5243=CARTESIAN_POINT('',(2.61426157742181,3.72,-0.37));
#5244=CARTESIAN_POINT('',(2.61426157742181,3.78,-0.37));
#5245=CARTESIAN_POINT('',(2.61426157742181,3.78,-0.37));
#5246=CARTESIAN_POINT('',(2.61426157742181,3.78,-0.37));
#5247=CARTESIAN_POINT('',(2.91426157742181,3.78,-0.37));
#5248=CARTESIAN_POINT('',(2.91426157742181,3.93,-0.37));
#5249=CARTESIAN_POINT('',(2.91426157742181,4.08,-0.37));
#5250=CARTESIAN_POINT('',(2.61426157742181,4.08,-0.37));
#5251=CARTESIAN_POINT('',(2.64926157742181,3.93,-0.37));
#5252=CARTESIAN_POINT('',(2.61426157742181,3.72,-0.59));
#5253=CARTESIAN_POINT('',(2.61426157742181,3.72,-0.59));
#5254=CARTESIAN_POINT('',(2.38426157742181,3.72,-0.59));
#5255=CARTESIAN_POINT('',(2.38426157742181,3.72,-0.59));
#5256=CARTESIAN_POINT('',(2.64926157742181,3.72,-0.59));
#5257=CARTESIAN_POINT('',(2.64926157742181,3.72,-0.59));
#5258=CARTESIAN_POINT('',(2.38426157742181,4.14,-0.59));
#5259=CARTESIAN_POINT('',(2.38426157742181,4.14,-0.59));
#5260=CARTESIAN_POINT('',(2.38426157742181,3.93,-0.59));
#5261=CARTESIAN_POINT('',(2.38426157742181,3.93,-0.59));
#5262=CARTESIAN_POINT('',(2.61426157742181,4.14,-0.59));
#5263=CARTESIAN_POINT('',(2.61426157742181,4.14,-0.59));
#5264=CARTESIAN_POINT('',(2.64926157742181,4.14,-0.59));
#5265=CARTESIAN_POINT('',(2.64926157742181,4.14,-0.59));
#5266=CARTESIAN_POINT('',(2.61426157742181,4.14,-0.59));
#5267=CARTESIAN_POINT('',(2.61426157742181,4.08,-0.59));
#5268=CARTESIAN_POINT('',(2.61426157742181,4.08,-0.59));
#5269=CARTESIAN_POINT('',(2.91426157742181,4.08,-0.59));
#5270=CARTESIAN_POINT('',(2.91426157742181,3.93,-0.59));
#5271=CARTESIAN_POINT('',(2.91426157742181,3.78,-0.59));
#5272=CARTESIAN_POINT('',(2.61426157742181,3.78,-0.59));
#5273=CARTESIAN_POINT('',(2.61426157742181,3.78,-0.59));
#5274=CARTESIAN_POINT('',(2.61426157742181,3.78,-0.59));
#5275=CARTESIAN_POINT('',(2.64926157742181,3.93,-0.59));
#5276=CARTESIAN_POINT('',(2.91426157742181,4.08,-0.59));
#5277=CARTESIAN_POINT('',(2.91426157742181,3.78,-0.59));
#5278=CARTESIAN_POINT('',(2.91426157742181,3.93,-0.59));
#5279=CARTESIAN_POINT('',(2.61426157742181,3.78,-0.59));
#5280=CARTESIAN_POINT('',(2.61426157742181,3.78,-0.37));
#5281=CARTESIAN_POINT('',(2.91426157742181,3.78,-0.37));
#5282=CARTESIAN_POINT('',(2.61426157742181,4.08,-0.59));
#5283=CARTESIAN_POINT('',(2.61426157742181,4.14,-0.37));
#5284=CARTESIAN_POINT('',(2.61426157742181,4.08,-0.37));
#5285=CARTESIAN_POINT('',(2.61426157742181,2.87,-0.37));
#5286=CARTESIAN_POINT('',(2.61426157742181,2.87,-0.37));
#5287=CARTESIAN_POINT('',(2.61426157742181,2.81,-0.37));
#5288=CARTESIAN_POINT('',(2.64926157742181,2.87,-0.37));
#5289=CARTESIAN_POINT('',(2.38426157742181,2.87,-0.37));
#5290=CARTESIAN_POINT('',(2.38426157742181,2.66,-0.37));
#5291=CARTESIAN_POINT('',(2.38426157742181,2.45,-0.37));
#5292=CARTESIAN_POINT('',(2.64926157742181,2.45,-0.37));
#5293=CARTESIAN_POINT('',(2.61426157742181,2.45,-0.37));
#5294=CARTESIAN_POINT('',(2.61426157742181,2.51,-0.37));
#5295=CARTESIAN_POINT('',(2.61426157742181,2.51,-0.37));
#5296=CARTESIAN_POINT('',(2.61426157742181,2.51,-0.37));
#5297=CARTESIAN_POINT('',(2.91426157742181,2.51,-0.37));
#5298=CARTESIAN_POINT('',(2.91426157742181,2.66,-0.37));
#5299=CARTESIAN_POINT('',(2.91426157742181,2.81,-0.37));
#5300=CARTESIAN_POINT('',(2.61426157742181,2.81,-0.37));
#5301=CARTESIAN_POINT('',(2.64926157742181,2.66,-0.37));
#5302=CARTESIAN_POINT('',(2.61426157742181,2.45,-0.59));
#5303=CARTESIAN_POINT('',(2.61426157742181,2.45,-0.59));
#5304=CARTESIAN_POINT('',(2.38426157742181,2.45,-0.59));
#5305=CARTESIAN_POINT('',(2.38426157742181,2.45,-0.59));
#5306=CARTESIAN_POINT('',(2.64926157742181,2.45,-0.59));
#5307=CARTESIAN_POINT('',(2.64926157742181,2.45,-0.59));
#5308=CARTESIAN_POINT('',(2.38426157742181,2.87,-0.59));
#5309=CARTESIAN_POINT('',(2.38426157742181,2.87,-0.59));
#5310=CARTESIAN_POINT('',(2.38426157742181,2.66,-0.59));
#5311=CARTESIAN_POINT('',(2.38426157742181,2.66,-0.59));
#5312=CARTESIAN_POINT('',(2.61426157742181,2.87,-0.59));
#5313=CARTESIAN_POINT('',(2.61426157742181,2.87,-0.59));
#5314=CARTESIAN_POINT('',(2.64926157742181,2.87,-0.59));
#5315=CARTESIAN_POINT('',(2.64926157742181,2.87,-0.59));
#5316=CARTESIAN_POINT('',(2.61426157742181,2.87,-0.59));
#5317=CARTESIAN_POINT('',(2.61426157742181,2.81,-0.59));
#5318=CARTESIAN_POINT('',(2.61426157742181,2.81,-0.59));
#5319=CARTESIAN_POINT('',(2.91426157742181,2.81,-0.59));
#5320=CARTESIAN_POINT('',(2.91426157742181,2.66,-0.59));
#5321=CARTESIAN_POINT('',(2.91426157742181,2.51,-0.59));
#5322=CARTESIAN_POINT('',(2.61426157742181,2.51,-0.59));
#5323=CARTESIAN_POINT('',(2.61426157742181,2.51,-0.59));
#5324=CARTESIAN_POINT('',(2.61426157742181,2.51,-0.59));
#5325=CARTESIAN_POINT('',(2.64926157742181,2.66,-0.59));
#5326=CARTESIAN_POINT('',(2.91426157742181,2.81,-0.59));
#5327=CARTESIAN_POINT('',(2.91426157742181,2.51,-0.59));
#5328=CARTESIAN_POINT('',(2.91426157742181,2.66,-0.59));
#5329=CARTESIAN_POINT('',(2.61426157742181,2.51,-0.59));
#5330=CARTESIAN_POINT('',(2.61426157742181,2.51,-0.37));
#5331=CARTESIAN_POINT('',(2.91426157742181,2.51,-0.37));
#5332=CARTESIAN_POINT('',(2.61426157742181,2.81,-0.59));
#5333=CARTESIAN_POINT('',(2.61426157742181,2.87,-0.37));
#5334=CARTESIAN_POINT('',(2.61426157742181,2.81,-0.37));
#5335=CARTESIAN_POINT('',(2.61426157742181,1.6,-0.37));
#5336=CARTESIAN_POINT('',(2.61426157742181,1.6,-0.37));
#5337=CARTESIAN_POINT('',(2.61426157742181,1.54,-0.37));
#5338=CARTESIAN_POINT('',(2.64926157742181,1.6,-0.37));
#5339=CARTESIAN_POINT('',(2.38426157742181,1.6,-0.37));
#5340=CARTESIAN_POINT('',(2.38426157742181,1.39,-0.37));
#5341=CARTESIAN_POINT('',(2.38426157742181,1.18,-0.37));
#5342=CARTESIAN_POINT('',(2.64926157742181,1.18,-0.37));
#5343=CARTESIAN_POINT('',(2.61426157742181,1.18,-0.37));
#5344=CARTESIAN_POINT('',(2.61426157742181,1.24,-0.37));
#5345=CARTESIAN_POINT('',(2.61426157742181,1.24,-0.37));
#5346=CARTESIAN_POINT('',(2.61426157742181,1.24,-0.37));
#5347=CARTESIAN_POINT('',(2.91426157742181,1.24,-0.37));
#5348=CARTESIAN_POINT('',(2.91426157742181,1.39,-0.37));
#5349=CARTESIAN_POINT('',(2.91426157742181,1.54,-0.37));
#5350=CARTESIAN_POINT('',(2.61426157742181,1.54,-0.37));
#5351=CARTESIAN_POINT('',(2.64926157742181,1.39,-0.37));
#5352=CARTESIAN_POINT('',(2.61426157742181,1.18,-0.59));
#5353=CARTESIAN_POINT('',(2.61426157742181,1.18,-0.59));
#5354=CARTESIAN_POINT('',(2.38426157742181,1.18,-0.59));
#5355=CARTESIAN_POINT('',(2.38426157742181,1.18,-0.59));
#5356=CARTESIAN_POINT('',(2.64926157742181,1.18,-0.59));
#5357=CARTESIAN_POINT('',(2.64926157742181,1.18,-0.59));
#5358=CARTESIAN_POINT('',(2.38426157742181,1.6,-0.59));
#5359=CARTESIAN_POINT('',(2.38426157742181,1.6,-0.59));
#5360=CARTESIAN_POINT('',(2.38426157742181,1.39,-0.59));
#5361=CARTESIAN_POINT('',(2.38426157742181,1.39,-0.59));
#5362=CARTESIAN_POINT('',(2.61426157742181,1.6,-0.59));
#5363=CARTESIAN_POINT('',(2.61426157742181,1.6,-0.59));
#5364=CARTESIAN_POINT('',(2.64926157742181,1.6,-0.59));
#5365=CARTESIAN_POINT('',(2.64926157742181,1.6,-0.59));
#5366=CARTESIAN_POINT('',(2.61426157742181,1.6,-0.59));
#5367=CARTESIAN_POINT('',(2.61426157742181,1.54,-0.59));
#5368=CARTESIAN_POINT('',(2.61426157742181,1.54,-0.59));
#5369=CARTESIAN_POINT('',(2.91426157742181,1.54,-0.59));
#5370=CARTESIAN_POINT('',(2.91426157742181,1.39,-0.59));
#5371=CARTESIAN_POINT('',(2.91426157742181,1.24,-0.59));
#5372=CARTESIAN_POINT('',(2.61426157742181,1.24,-0.59));
#5373=CARTESIAN_POINT('',(2.61426157742181,1.24,-0.59));
#5374=CARTESIAN_POINT('',(2.61426157742181,1.24,-0.59));
#5375=CARTESIAN_POINT('',(2.64926157742181,1.39,-0.59));
#5376=CARTESIAN_POINT('',(2.91426157742181,1.54,-0.59));
#5377=CARTESIAN_POINT('',(2.91426157742181,1.24,-0.59));
#5378=CARTESIAN_POINT('',(2.91426157742181,1.39,-0.59));
#5379=CARTESIAN_POINT('',(2.61426157742181,1.24,-0.59));
#5380=CARTESIAN_POINT('',(2.61426157742181,1.24,-0.37));
#5381=CARTESIAN_POINT('',(2.91426157742181,1.24,-0.37));
#5382=CARTESIAN_POINT('',(2.61426157742181,1.54,-0.59));
#5383=CARTESIAN_POINT('',(2.61426157742181,1.6,-0.37));
#5384=CARTESIAN_POINT('',(2.61426157742181,1.54,-0.37));
#5385=CARTESIAN_POINT('',(2.61426157742181,0.329999999999998,-0.37));
#5386=CARTESIAN_POINT('',(2.61426157742181,0.329999999999998,-0.37));
#5387=CARTESIAN_POINT('',(2.61426157742181,0.269999999999998,-0.37));
#5388=CARTESIAN_POINT('',(2.64926157742181,0.329999999999998,-0.37));
#5389=CARTESIAN_POINT('',(2.38426157742181,0.329999999999998,-0.37));
#5390=CARTESIAN_POINT('',(2.38426157742181,0.119999999999998,-0.37));
#5391=CARTESIAN_POINT('',(2.38426157742181,-0.0900000000000017,-0.37));
#5392=CARTESIAN_POINT('',(2.64926157742181,-0.0900000000000017,-0.37));
#5393=CARTESIAN_POINT('',(2.61426157742181,-0.0900000000000017,-0.37));
#5394=CARTESIAN_POINT('',(2.61426157742181,-0.0300000000000017,-0.37));
#5395=CARTESIAN_POINT('',(2.61426157742181,-0.0300000000000017,-0.37));
#5396=CARTESIAN_POINT('',(2.61426157742181,-0.0300000000000017,-0.37));
#5397=CARTESIAN_POINT('',(2.91426157742181,-0.0300000000000017,-0.37));
#5398=CARTESIAN_POINT('',(2.91426157742181,0.119999999999998,-0.37));
#5399=CARTESIAN_POINT('',(2.91426157742181,0.269999999999998,-0.37));
#5400=CARTESIAN_POINT('',(2.61426157742181,0.269999999999998,-0.37));
#5401=CARTESIAN_POINT('',(2.64926157742181,0.119999999999998,-0.37));
#5402=CARTESIAN_POINT('',(2.61426157742181,-0.0900000000000017,-0.59));
#5403=CARTESIAN_POINT('',(2.61426157742181,-0.0900000000000017,-0.59));
#5404=CARTESIAN_POINT('',(2.38426157742181,-0.0900000000000017,-0.59));
#5405=CARTESIAN_POINT('',(2.38426157742181,-0.0900000000000017,-0.59));
#5406=CARTESIAN_POINT('',(2.64926157742181,-0.0900000000000017,-0.59));
#5407=CARTESIAN_POINT('',(2.64926157742181,-0.0900000000000017,-0.59));
#5408=CARTESIAN_POINT('',(2.38426157742181,0.329999999999998,-0.59));
#5409=CARTESIAN_POINT('',(2.38426157742181,0.329999999999998,-0.59));
#5410=CARTESIAN_POINT('',(2.38426157742181,0.119999999999998,-0.59));
#5411=CARTESIAN_POINT('',(2.38426157742181,0.119999999999998,-0.59));
#5412=CARTESIAN_POINT('',(2.61426157742181,0.329999999999998,-0.59));
#5413=CARTESIAN_POINT('',(2.61426157742181,0.329999999999998,-0.59));
#5414=CARTESIAN_POINT('',(2.64926157742181,0.329999999999998,-0.59));
#5415=CARTESIAN_POINT('',(2.64926157742181,0.329999999999998,-0.59));
#5416=CARTESIAN_POINT('',(2.61426157742181,0.329999999999998,-0.59));
#5417=CARTESIAN_POINT('',(2.61426157742181,0.269999999999998,-0.59));
#5418=CARTESIAN_POINT('',(2.61426157742181,0.269999999999998,-0.59));
#5419=CARTESIAN_POINT('',(2.91426157742181,0.269999999999998,-0.59));
#5420=CARTESIAN_POINT('',(2.91426157742181,0.119999999999998,-0.59));
#5421=CARTESIAN_POINT('',(2.91426157742181,-0.0300000000000017,-0.59));
#5422=CARTESIAN_POINT('',(2.61426157742181,-0.0300000000000017,-0.59));
#5423=CARTESIAN_POINT('',(2.61426157742181,-0.0300000000000017,-0.59));
#5424=CARTESIAN_POINT('',(2.61426157742181,-0.0300000000000017,-0.59));
#5425=CARTESIAN_POINT('',(2.64926157742181,0.119999999999998,-0.59));
#5426=CARTESIAN_POINT('',(2.91426157742181,0.269999999999998,-0.59));
#5427=CARTESIAN_POINT('',(2.91426157742181,-0.0300000000000017,-0.59));
#5428=CARTESIAN_POINT('',(2.91426157742181,0.119999999999998,-0.59));
#5429=CARTESIAN_POINT('',(2.61426157742181,-0.0300000000000017,-0.59));
#5430=CARTESIAN_POINT('',(2.61426157742181,-0.0300000000000017,-0.37));
#5431=CARTESIAN_POINT('',(2.91426157742181,-0.0300000000000017,-0.37));
#5432=CARTESIAN_POINT('',(2.61426157742181,0.269999999999998,-0.59));
#5433=CARTESIAN_POINT('',(2.61426157742181,0.329999999999998,-0.37));
#5434=CARTESIAN_POINT('',(2.61426157742181,0.269999999999998,-0.37));
#5435=CARTESIAN_POINT('',(2.61426157742181,2.025,-0.58));
#5436=CARTESIAN_POINT('',(2.61426157742181,-0.0900000000000017,-0.58));
#5437=CARTESIAN_POINT('',(2.61426157742181,-0.0300000000000017,-0.58));
#5438=CARTESIAN_POINT('',(-0.10573842257819,-0.0300000000000018,-0.58));
#5439=CARTESIAN_POINT('',(2.79426157742181,-0.0300000000000018,-0.58));
#5440=CARTESIAN_POINT('',(2.79426157742181,2.025,-0.58));
#5441=CARTESIAN_POINT('',(2.79426157742181,-0.465,-0.58));
#5442=CARTESIAN_POINT('',(-0.10573842257819,-0.465,-0.58));
#5443=CARTESIAN_POINT('',(0.014261577421812,-0.465,-0.58));
#5444=CARTESIAN_POINT('',(0.014261577421812,2.025,-0.58));
#5445=CARTESIAN_POINT('',(0.014261577421812,-0.15,-0.58));
#5446=CARTESIAN_POINT('',(-0.105738422578196,-0.15,-0.58));
#5447=CARTESIAN_POINT('',(0.164261577421812,-0.15,-0.58));
#5448=CARTESIAN_POINT('',(0.164261577421815,2.025,-0.58));
#5449=CARTESIAN_POINT('',(0.164261577421812,-0.05,-0.58));
#5450=CARTESIAN_POINT('',(-0.10573842257819,-0.05,-0.58));
#5451=CARTESIAN_POINT('',(0.814261577421814,-0.05,-0.58));
#5452=CARTESIAN_POINT('',(0.814261577421813,2.025,-0.58));
#5453=CARTESIAN_POINT('',(0.814261577421813,1.75,-0.58));
#5454=CARTESIAN_POINT('',(-0.10573842257819,1.75,-0.58));
#5455=CARTESIAN_POINT('',(-2.60573842257819,1.75,-0.58));
#5456=CARTESIAN_POINT('',(-2.60573842257819,2.025,-0.58));
#5457=CARTESIAN_POINT('',(-2.60573842257819,1.6,-0.58));
#5458=CARTESIAN_POINT('',(-0.10573842257819,1.6,-0.58));
#5459=CARTESIAN_POINT('',(-2.83573842257819,1.6,-0.58));
#5460=CARTESIAN_POINT('',(-2.83573842257819,2.025,-0.58));
#5461=CARTESIAN_POINT('',(-2.83573842257819,1.54,-0.58));
#5462=CARTESIAN_POINT('',(-0.10573842257819,1.54,-0.58));
#5463=CARTESIAN_POINT('',(-3.00573842257819,1.54,-0.58));
#5464=CARTESIAN_POINT('',(-3.00573842257819,2.025,-0.58));
#5465=CARTESIAN_POINT('',(-3.00573842257819,2.51,-0.58));
#5466=CARTESIAN_POINT('',(-0.10573842257819,2.51,-0.58));
#5467=CARTESIAN_POINT('',(-2.83573842257819,2.51,-0.58));
#5468=CARTESIAN_POINT('',(-2.83573842257819,2.025,-0.58));
#5469=CARTESIAN_POINT('',(-2.83573842257819,2.45,-0.58));
#5470=CARTESIAN_POINT('',(-0.105738422578188,2.45,-0.58));
#5471=CARTESIAN_POINT('',(-2.60573842257819,2.45,-0.58));
#5472=CARTESIAN_POINT('',(-2.60573842257819,2.025,-0.58));
#5473=CARTESIAN_POINT('',(-2.60573842257819,2.3,-0.58));
#5474=CARTESIAN_POINT('',(-0.10573842257819,2.3,-0.58));
#5475=CARTESIAN_POINT('',(0.814261577421812,2.3,-0.58));
#5476=CARTESIAN_POINT('',(0.814261577421812,2.025,-0.58));
#5477=CARTESIAN_POINT('',(0.814261577421812,4.1,-0.58));
#5478=CARTESIAN_POINT('',(-0.10573842257819,4.1,-0.58));
#5479=CARTESIAN_POINT('',(0.164261577421812,4.1,-0.58));
#5480=CARTESIAN_POINT('',(0.16426157742181,2.025,-0.58));
#5481=CARTESIAN_POINT('',(0.164261577421812,4.2,-0.58));
#5482=CARTESIAN_POINT('',(-0.10573842257819,4.2,-0.58));
#5483=CARTESIAN_POINT('',(0.014261577421812,4.2,-0.58));
#5484=CARTESIAN_POINT('',(0.0142615774218127,2.025,-0.58));
#5485=CARTESIAN_POINT('',(0.0142615774218119,4.515,-0.58));
#5486=CARTESIAN_POINT('',(-0.10573842257819,4.515,-0.58));
#5487=CARTESIAN_POINT('',(2.79426157742181,4.515,-0.58));
#5488=CARTESIAN_POINT('',(2.79426157742181,2.025,-0.58));
#5489=CARTESIAN_POINT('',(2.79426157742181,4.08,-0.58));
#5490=CARTESIAN_POINT('',(-0.10573842257819,4.08,-0.58));
#5491=CARTESIAN_POINT('',(2.61426157742181,4.08,-0.58));
#5492=CARTESIAN_POINT('',(2.61426157742181,2.025,-0.58));
#5493=CARTESIAN_POINT('',(2.61426157742181,4.14,-0.58));
#5494=CARTESIAN_POINT('',(-0.10573842257819,4.14,-0.58));
#5495=CARTESIAN_POINT('',(2.38426157742181,4.14,-0.58));
#5496=CARTESIAN_POINT('',(2.38426157742181,2.025,-0.58));
#5497=CARTESIAN_POINT('',(2.38426157742181,3.72,-0.58));
#5498=CARTESIAN_POINT('',(-0.10573842257819,3.72,-0.58));
#5499=CARTESIAN_POINT('',(2.61426157742181,3.72,-0.58));
#5500=CARTESIAN_POINT('',(2.61426157742181,2.025,-0.58));
#5501=CARTESIAN_POINT('',(2.61426157742181,3.78,-0.58));
#5502=CARTESIAN_POINT('',(-0.10573842257819,3.78,-0.58));
#5503=CARTESIAN_POINT('',(2.79426157742181,3.78,-0.58));
#5504=CARTESIAN_POINT('',(2.79426157742181,2.025,-0.58));
#5505=CARTESIAN_POINT('',(2.79426157742181,2.81,-0.58));
#5506=CARTESIAN_POINT('',(-0.10573842257819,2.81,-0.58));
#5507=CARTESIAN_POINT('',(2.61426157742181,2.81,-0.58));
#5508=CARTESIAN_POINT('',(2.61426157742181,2.025,-0.58));
#5509=CARTESIAN_POINT('',(2.61426157742181,2.87,-0.58));
#5510=CARTESIAN_POINT('',(-0.10573842257819,2.87,-0.58));
#5511=CARTESIAN_POINT('',(2.38426157742181,2.87,-0.58));
#5512=CARTESIAN_POINT('',(2.38426157742181,2.025,-0.58));
#5513=CARTESIAN_POINT('',(2.38426157742181,2.45,-0.58));
#5514=CARTESIAN_POINT('',(-0.10573842257819,2.45,-0.58));
#5515=CARTESIAN_POINT('',(2.61426157742181,2.45,-0.58));
#5516=CARTESIAN_POINT('',(2.61426157742181,2.025,-0.58));
#5517=CARTESIAN_POINT('',(2.61426157742181,2.51,-0.58));
#5518=CARTESIAN_POINT('',(-0.10573842257819,2.51,-0.58));
#5519=CARTESIAN_POINT('',(2.79426157742181,2.51,-0.58));
#5520=CARTESIAN_POINT('',(2.79426157742181,2.025,-0.58));
#5521=CARTESIAN_POINT('',(2.79426157742181,1.54,-0.58));
#5522=CARTESIAN_POINT('',(-0.10573842257819,1.54,-0.58));
#5523=CARTESIAN_POINT('',(2.61426157742181,1.54,-0.58));
#5524=CARTESIAN_POINT('',(2.61426157742181,2.025,-0.58));
#5525=CARTESIAN_POINT('',(2.61426157742181,1.6,-0.58));
#5526=CARTESIAN_POINT('',(-0.10573842257819,1.6,-0.58));
#5527=CARTESIAN_POINT('',(2.38426157742181,1.6,-0.58));
#5528=CARTESIAN_POINT('',(2.38426157742181,2.025,-0.58));
#5529=CARTESIAN_POINT('',(2.38426157742181,1.18,-0.58));
#5530=CARTESIAN_POINT('',(-0.10573842257819,1.18,-0.58));
#5531=CARTESIAN_POINT('',(2.61426157742181,1.18,-0.58));
#5532=CARTESIAN_POINT('',(2.61426157742181,2.025,-0.58));
#5533=CARTESIAN_POINT('',(2.61426157742181,1.24,-0.58));
#5534=CARTESIAN_POINT('',(-0.10573842257819,1.24,-0.58));
#5535=CARTESIAN_POINT('',(2.79426157742181,1.24,-0.58));
#5536=CARTESIAN_POINT('',(2.79426157742181,2.025,-0.58));
#5537=CARTESIAN_POINT('',(2.79426157742181,0.27,-0.58));
#5538=CARTESIAN_POINT('',(-0.10573842257819,0.27,-0.58));
#5539=CARTESIAN_POINT('',(2.61426157742181,0.27,-0.58));
#5540=CARTESIAN_POINT('',(2.61426157742181,2.025,-0.58));
#5541=CARTESIAN_POINT('',(2.61426157742181,0.33,-0.58));
#5542=CARTESIAN_POINT('',(-0.10573842257819,0.33,-0.58));
#5543=CARTESIAN_POINT('',(2.38426157742181,0.33,-0.58));
#5544=CARTESIAN_POINT('',(2.38426157742181,2.025,-0.58));
#5545=CARTESIAN_POINT('',(2.38426157742181,-0.0900000000000017,-0.58));
#5546=CARTESIAN_POINT('',(-0.10573842257819,-0.0900000000000015,-0.58));
#5547=CARTESIAN_POINT('',(-0.10573842257819,2.025,-0.58));
#5548=CARTESIAN_POINT('',(2.79426157742181,-0.0300000000000018,-0.58));
#5549=CARTESIAN_POINT('',(2.75723291147303,-0.0300000000000018,-0.37));
#5550=CARTESIAN_POINT('',(2.75723291147303,2.025,-0.37));
#5551=CARTESIAN_POINT('',(2.75723291147303,0.27,-0.37));
#5552=CARTESIAN_POINT('',(2.79426157742181,0.27,-0.58));
#5553=CARTESIAN_POINT('',(2.79426157742181,1.24,-0.58));
#5554=CARTESIAN_POINT('',(2.75723291147303,1.24,-0.37));
#5555=CARTESIAN_POINT('',(2.75723291147303,2.025,-0.37));
#5556=CARTESIAN_POINT('',(2.75723291147303,1.54,-0.37));
#5557=CARTESIAN_POINT('',(2.79426157742181,1.54,-0.58));
#5558=CARTESIAN_POINT('',(2.79426157742181,2.51,-0.58));
#5559=CARTESIAN_POINT('',(2.75723291147303,2.51,-0.37));
#5560=CARTESIAN_POINT('',(2.75723291147303,2.025,-0.37));
#5561=CARTESIAN_POINT('',(2.75723291147303,2.81,-0.37));
#5562=CARTESIAN_POINT('',(2.79426157742181,2.81,-0.58));
#5563=CARTESIAN_POINT('',(2.79426157742181,3.78,-0.58));
#5564=CARTESIAN_POINT('',(2.75723291147303,3.78,-0.37));
#5565=CARTESIAN_POINT('',(2.75723291147303,2.025,-0.37));
#5566=CARTESIAN_POINT('',(2.75723291147303,4.08,-0.37));
#5567=CARTESIAN_POINT('',(2.79426157742181,4.08,-0.58));
#5568=CARTESIAN_POINT('',(2.72137664007796,4.44211506265615,-0.166648979917855));
#5569=CARTESIAN_POINT('',(2.62230584036839,4.34304426294659,0.395209445330008));
#5570=CARTESIAN_POINT('',(2.62230584036839,2.025,0.395209445330008));
#5571=CARTESIAN_POINT('',(2.62230584036839,-0.293044262946583,0.395209445330008));
#5572=CARTESIAN_POINT('',(2.70937550581652,-0.380113928394714,-0.098587165366177));
#5573=CARTESIAN_POINT('',(2.79426157742181,2.025,-0.58));
#5574=CARTESIAN_POINT('',(-0.10573842257819,4.515,-0.58));
#5575=CARTESIAN_POINT('',(-3.00573842257819,4.515,-0.58));
#5576=CARTESIAN_POINT('',(-0.185738422578188,4.515,-0.58));
#5577=CARTESIAN_POINT('',(-0.185738422578188,2.025,-0.58));
#5578=CARTESIAN_POINT('',(-0.185738422578188,4.2,-0.58));
#5579=CARTESIAN_POINT('',(-0.105738422578184,4.2,-0.58));
#5580=CARTESIAN_POINT('',(-0.335738422578188,4.2,-0.58));
#5581=CARTESIAN_POINT('',(-0.335738422578188,2.025,-0.58));
#5582=CARTESIAN_POINT('',(-0.335738422578188,4.1,-0.58));
#5583=CARTESIAN_POINT('',(-0.10573842257819,4.1,-0.58));
#5584=CARTESIAN_POINT('',(-2.83573842257819,4.1,-0.58));
#5585=CARTESIAN_POINT('',(-2.83573842257818,2.025,-0.58));
#5586=CARTESIAN_POINT('',(-2.83573842257819,4.04,-0.58));
#5587=CARTESIAN_POINT('',(-0.105738422578196,4.04,-0.58));
#5588=CARTESIAN_POINT('',(-3.00573842257819,4.04,-0.58));
#5589=CARTESIAN_POINT('',(-3.00573842257819,2.025,-0.58));
#5590=CARTESIAN_POINT('',(-0.10573842257819,2.025,-0.58));
#5591=CARTESIAN_POINT('',(-3.00573842257819,2.025,-0.58));
#5592=CARTESIAN_POINT('',(-3.00573842257819,3.74,-0.58));
#5593=CARTESIAN_POINT('',(-3.00573842257819,2.81,-0.58));
#5594=CARTESIAN_POINT('',(-0.105738422578189,3.74,-0.58));
#5595=CARTESIAN_POINT('',(-2.83573842257819,3.74,-0.58));
#5596=CARTESIAN_POINT('',(-2.83573842257819,2.025,-0.58));
#5597=CARTESIAN_POINT('',(-2.83573842257819,3.68,-0.58));
#5598=CARTESIAN_POINT('',(-0.10573842257819,3.68,-0.58));
#5599=CARTESIAN_POINT('',(-2.60573842257819,3.68,-0.58));
#5600=CARTESIAN_POINT('',(-2.60573842257819,2.025,-0.58));
#5601=CARTESIAN_POINT('',(-2.60573842257819,2.87,-0.58));
#5602=CARTESIAN_POINT('',(-0.10573842257819,2.87,-0.58));
#5603=CARTESIAN_POINT('',(-2.83573842257819,2.87,-0.58));
#5604=CARTESIAN_POINT('',(-2.83573842257819,2.025,-0.58));
#5605=CARTESIAN_POINT('',(-2.83573842257819,2.81,-0.58));
#5606=CARTESIAN_POINT('',(-0.10573842257819,2.81,-0.58));
#5607=CARTESIAN_POINT('',(-0.10573842257819,2.025,-0.58));
#5608=CARTESIAN_POINT('',(-3.00573842257819,2.81,-0.58));
#5609=CARTESIAN_POINT('',(-2.96870975662941,2.81,-0.37));
#5610=CARTESIAN_POINT('',(-2.96870975662941,2.025,-0.37));
#5611=CARTESIAN_POINT('',(-2.96870975662941,2.51,-0.37));
#5612=CARTESIAN_POINT('',(-3.00573842257819,2.51,-0.58));
#5613=CARTESIAN_POINT('',(-3.00573842257819,1.54,-0.58));
#5614=CARTESIAN_POINT('',(-2.96870975662941,1.54,-0.37));
#5615=CARTESIAN_POINT('',(-2.96870975662941,2.025,-0.37));
#5616=CARTESIAN_POINT('',(-2.96870975662941,1.24,-0.37));
#5617=CARTESIAN_POINT('',(-3.00573842257819,1.24,-0.58));
#5618=CARTESIAN_POINT('',(-3.00573842257819,1.24,-0.58));
#5619=CARTESIAN_POINT('',(-3.00573842257819,2.025,-0.58));
#5620=CARTESIAN_POINT('',(-3.00573842257819,0.31,-0.58));
#5621=CARTESIAN_POINT('',(-3.00573842257819,0.31,-0.58));
#5622=CARTESIAN_POINT('',(-2.96870975662941,0.31,-0.37));
#5623=CARTESIAN_POINT('',(-2.96870975662941,2.025,-0.37));
#5624=CARTESIAN_POINT('',(-2.96870975662941,0.01,-0.37));
#5625=CARTESIAN_POINT('',(-3.00573842257819,0.00999999999999959,-0.58));
#5626=CARTESIAN_POINT('',(-3.00573842257819,0.00999999999999959,-0.58));
#5627=CARTESIAN_POINT('',(-3.00573842257819,2.025,-0.58));
#5628=CARTESIAN_POINT('',(-3.00573842257819,-0.465,-0.58));
#5629=CARTESIAN_POINT('',(-2.93285348523434,-0.392115062656152,-0.166648979917855));
#5630=CARTESIAN_POINT('',(-2.83378268552478,-0.293044262946584,0.395209445330008));
#5631=CARTESIAN_POINT('',(-2.83378268552478,2.025,0.395209445330008));
#5632=CARTESIAN_POINT('',(-2.83378268552478,4.34304426294659,0.395209445330008));
#5633=CARTESIAN_POINT('',(-2.93285348523434,4.44211506265615,-0.166648979917855));
#5634=CARTESIAN_POINT('',(-3.00573842257819,4.04,-0.58));
#5635=CARTESIAN_POINT('',(-2.96870975662941,4.04,-0.37));
#5636=CARTESIAN_POINT('',(-2.96870975662941,2.025,-0.37));
#5637=CARTESIAN_POINT('',(-2.96870975662941,3.74,-0.37));
#5638=CARTESIAN_POINT('',(-3.00573842257819,3.74,-0.58));
#5639=CARTESIAN_POINT('',(-3.00573842257819,2.025,-0.58));
#5640=CARTESIAN_POINT('',(0.0142615774218119,4.515,-0.58));
#5641=CARTESIAN_POINT('',(0.0142615774218119,4.47797133405123,-0.37));
#5642=CARTESIAN_POINT('',(-0.10573842257819,4.47797133405123,-0.37));
#5643=CARTESIAN_POINT('',(-0.185738422578188,4.47797133405123,-0.37));
#5644=CARTESIAN_POINT('',(-0.185738422578188,4.515,-0.58));
#5645=CARTESIAN_POINT('',(-0.10573842257819,4.34304426294658,0.395209445330008));
#5646=CARTESIAN_POINT('',(-0.10573842257819,4.515,-0.58));
#5647=CARTESIAN_POINT('',(-0.10573842257819,0.31,-0.58));
#5648=CARTESIAN_POINT('',(-2.83573842257819,0.31,-0.58));
#5649=CARTESIAN_POINT('',(-0.10573842257819,1.24,-0.58));
#5650=CARTESIAN_POINT('',(-2.83573842257819,1.24,-0.58));
#5651=CARTESIAN_POINT('',(-2.83573842257819,2.025,-0.58));
#5652=CARTESIAN_POINT('',(-2.83573842257819,1.18,-0.58));
#5653=CARTESIAN_POINT('',(-0.10573842257819,1.18,-0.58));
#5654=CARTESIAN_POINT('',(-2.60573842257819,1.18,-0.58));
#5655=CARTESIAN_POINT('',(-2.60573842257819,2.025,-0.58));
#5656=CARTESIAN_POINT('',(-2.60573842257819,0.37,-0.58));
#5657=CARTESIAN_POINT('',(-0.10573842257819,0.37,-0.58));
#5658=CARTESIAN_POINT('',(-2.83573842257819,0.37,-0.58));
#5659=CARTESIAN_POINT('',(-2.83573842257819,2.025,-0.58));
#5660=CARTESIAN_POINT('',(-0.10573842257819,2.025,-0.58));
#5661=CARTESIAN_POINT('',(-2.8042384529344,2.025,0.42));
#5662=CARTESIAN_POINT('',(-2.8042384529344,4.31350003035622,0.42));
#5663=CARTESIAN_POINT('',(-2.8042384529344,-0.263500030356217,0.42));
#5664=CARTESIAN_POINT('',(-0.10573842257819,-0.263500030356217,0.42));
#5665=CARTESIAN_POINT('',(2.59276160777803,-0.263500030356217,0.42));
#5666=CARTESIAN_POINT('',(2.59276160777803,2.025,0.42));
#5667=CARTESIAN_POINT('',(2.59276160777803,4.31350003035622,0.42));
#5668=CARTESIAN_POINT('',(-0.10573842257819,4.31350003035622,0.42));
#5669=CARTESIAN_POINT('',(-0.10573842257819,2.025,0.42));
#5670=CARTESIAN_POINT('',(-0.105738422578184,0.0100000000000078,-0.58));
#5671=CARTESIAN_POINT('',(-2.83573842257819,0.01,-0.58));
#5672=CARTESIAN_POINT('',(-2.83573842257819,2.025,-0.58));
#5673=CARTESIAN_POINT('',(-2.83573842257819,-0.05,-0.58));
#5674=CARTESIAN_POINT('',(-0.10573842257819,-0.05,-0.58));
#5675=CARTESIAN_POINT('',(-0.335738422578188,-0.05,-0.58));
#5676=CARTESIAN_POINT('',(-0.335738422578188,2.025,-0.58));
#5677=CARTESIAN_POINT('',(-0.335738422578188,-0.15,-0.58));
#5678=CARTESIAN_POINT('',(-0.105738422578203,-0.15,-0.58));
#5679=CARTESIAN_POINT('',(-0.185738422578188,-0.15,-0.58));
#5680=CARTESIAN_POINT('',(-0.185738422578187,2.025,-0.58));
#5681=CARTESIAN_POINT('',(-0.185738422578188,-0.465,-0.58));
#5682=CARTESIAN_POINT('',(-0.10573842257819,-0.465,-0.58));
#5683=CARTESIAN_POINT('',(-0.10573842257819,2.025,-0.58));
#5684=CARTESIAN_POINT('',(0.014261577421812,-0.465,-0.58));
#5685=CARTESIAN_POINT('',(0.014261577421812,-0.427971334051222,-0.37));
#5686=CARTESIAN_POINT('',(-0.10573842257819,-0.293044262946583,0.395209445330008));
#5687=CARTESIAN_POINT('',(-0.185738422578188,-0.465,-0.58));
#5688=CARTESIAN_POINT('',(-0.185738422578188,-0.427971334051222,-0.37));
#5689=CARTESIAN_POINT('',(-0.10573842257819,-0.427971334051222,-0.37));
#5690=CARTESIAN_POINT('',(-0.10573842257819,-0.465,-0.58));
#5691=CARTESIAN_POINT('',(2.59276160777803,4.31350003035622,0.39));
#5692=CARTESIAN_POINT('',(-2.8042384529344,4.31350003035622,0.39));
#5693=CARTESIAN_POINT('',(-0.10573842257819,4.31350003035622,0.39));
#5694=CARTESIAN_POINT('',(-2.8042384529344,-0.263500030356217,0.39));
#5695=CARTESIAN_POINT('',(-2.8042384529344,2.025,0.39));
#5696=CARTESIAN_POINT('',(2.59276160777803,-0.263500030356217,0.39));
#5697=CARTESIAN_POINT('',(2.59276160777803,2.025,0.39));
#5698=CARTESIAN_POINT('',(-0.10573842257819,-0.263500030356217,0.39));
#5699=CARTESIAN_POINT('',(-2.83573842257819,-0.05,-0.37));
#5700=CARTESIAN_POINT('',(-2.83573842257819,-0.05,-0.37));
#5701=CARTESIAN_POINT('',(-0.335738422578188,-0.05,-0.37));
#5702=CARTESIAN_POINT('',(-0.335738422578188,-0.05,-0.37));
#5703=CARTESIAN_POINT('',(-0.335738422578188,-0.05,-0.37));
#5704=CARTESIAN_POINT('',(-0.335738422578188,-0.05,-0.37));
#5705=CARTESIAN_POINT('',(-2.83573842257819,0.01,-0.37));
#5706=CARTESIAN_POINT('',(-2.83573842257819,0.01,-0.37));
#5707=CARTESIAN_POINT('',(-2.83573842257819,-0.05,-0.37));
#5708=CARTESIAN_POINT('',(-2.83573842257819,-0.05,-0.37));
#5709=CARTESIAN_POINT('',(-2.83573842257819,0.01,-0.37));
#5710=CARTESIAN_POINT('',(-2.83573842257819,0.01,-0.37));
#5711=CARTESIAN_POINT('',(-2.83573842257819,0.31,-0.37));
#5712=CARTESIAN_POINT('',(-2.83573842257819,0.31,-0.37));
#5713=CARTESIAN_POINT('',(-3.13573842257819,0.31,-0.37));
#5714=CARTESIAN_POINT('',(-3.13573842257819,0.31,-0.37));
#5715=CARTESIAN_POINT('',(-2.83573842257819,0.37,-0.37));
#5716=CARTESIAN_POINT('',(-2.83573842257819,0.37,-0.37));
#5717=CARTESIAN_POINT('',(-2.83573842257819,0.31,-0.37));
#5718=CARTESIAN_POINT('',(-2.83573842257819,0.31,-0.37));
#5719=CARTESIAN_POINT('',(-2.60573842257819,0.37,-0.37));
#5720=CARTESIAN_POINT('',(-2.60573842257819,0.37,-0.37));
#5721=CARTESIAN_POINT('',(-2.83573842257819,0.37,-0.37));
#5722=CARTESIAN_POINT('',(-2.83573842257819,0.37,-0.37));
#5723=CARTESIAN_POINT('',(-2.60573842257819,1.18,-0.37));
#5724=CARTESIAN_POINT('',(-2.60573842257819,1.18,-0.37));
#5725=CARTESIAN_POINT('',(-2.60573842257819,0.37,-0.37));
#5726=CARTESIAN_POINT('',(-2.60573842257819,0.37,-0.37));
#5727=CARTESIAN_POINT('',(-2.83573842257819,1.18,-0.37));
#5728=CARTESIAN_POINT('',(-2.83573842257819,1.18,-0.37));
#5729=CARTESIAN_POINT('',(-2.60573842257819,1.18,-0.37));
#5730=CARTESIAN_POINT('',(-2.60573842257819,1.18,-0.37));
#5731=CARTESIAN_POINT('',(-2.83573842257819,1.24,-0.37));
#5732=CARTESIAN_POINT('',(-2.83573842257819,1.24,-0.37));
#5733=CARTESIAN_POINT('',(-2.83573842257819,1.18,-0.37));
#5734=CARTESIAN_POINT('',(-2.83573842257819,1.18,-0.37));
#5735=CARTESIAN_POINT('',(-2.83573842257819,1.24,-0.37));
#5736=CARTESIAN_POINT('',(-2.83573842257819,1.24,-0.37));
#5737=CARTESIAN_POINT('',(-2.83573842257819,1.54,-0.37));
#5738=CARTESIAN_POINT('',(-2.83573842257819,1.54,-0.37));
#5739=CARTESIAN_POINT('',(-3.13573842257819,1.54,-0.37));
#5740=CARTESIAN_POINT('',(-3.13573842257819,1.54,-0.37));
#5741=CARTESIAN_POINT('',(-2.83573842257819,1.6,-0.37));
#5742=CARTESIAN_POINT('',(-2.83573842257819,1.6,-0.37));
#5743=CARTESIAN_POINT('',(-2.83573842257819,1.54,-0.37));
#5744=CARTESIAN_POINT('',(-2.83573842257819,1.54,-0.37));
#5745=CARTESIAN_POINT('',(-2.60573842257819,1.6,-0.37));
#5746=CARTESIAN_POINT('',(-2.60573842257819,1.6,-0.37));
#5747=CARTESIAN_POINT('',(-2.83573842257819,1.6,-0.37));
#5748=CARTESIAN_POINT('',(-2.83573842257819,1.6,-0.37));
#5749=CARTESIAN_POINT('',(-2.60573842257819,1.75,-0.37));
#5750=CARTESIAN_POINT('',(-2.60573842257819,1.75,-0.37));
#5751=CARTESIAN_POINT('',(-2.60573842257819,1.6,-0.37));
#5752=CARTESIAN_POINT('',(-2.60573842257819,1.6,-0.37));
#5753=CARTESIAN_POINT('',(0.814261577421813,1.75,-0.37));
#5754=CARTESIAN_POINT('',(0.814261577421813,1.75,-0.37));
#5755=CARTESIAN_POINT('',(-2.60573842257819,1.75,-0.37));
#5756=CARTESIAN_POINT('',(-2.60573842257819,1.75,-0.37));
#5757=CARTESIAN_POINT('',(0.814261577421814,-0.05,-0.37));
#5758=CARTESIAN_POINT('',(0.814261577421814,-0.05,-0.37));
#5759=CARTESIAN_POINT('',(0.814261577421813,1.75,-0.37));
#5760=CARTESIAN_POINT('',(0.814261577421813,1.75,-0.37));
#5761=CARTESIAN_POINT('',(0.164261577421812,-0.05,-0.37));
#5762=CARTESIAN_POINT('',(0.164261577421812,-0.05,-0.37));
#5763=CARTESIAN_POINT('',(0.814261577421814,-0.05,-0.37));
#5764=CARTESIAN_POINT('',(0.814261577421814,-0.05,-0.37));
#5765=CARTESIAN_POINT('',(0.164261577421812,-0.15,-0.37));
#5766=CARTESIAN_POINT('',(0.164261577421812,-0.15,-0.37));
#5767=CARTESIAN_POINT('',(0.164261577421812,-0.05,-0.37));
#5768=CARTESIAN_POINT('',(0.164261577421812,-0.05,-0.37));
#5769=CARTESIAN_POINT('',(0.014261577421812,-0.15,-0.37));
#5770=CARTESIAN_POINT('',(0.014261577421812,-0.15,-0.37));
#5771=CARTESIAN_POINT('',(0.164261577421812,-0.15,-0.37));
#5772=CARTESIAN_POINT('',(0.164261577421812,-0.15,-0.37));
#5773=CARTESIAN_POINT('',(0.014261577421812,-0.15,-0.37));
#5774=CARTESIAN_POINT('',(0.014261577421812,-0.15,-0.37));
#5775=CARTESIAN_POINT('',(-0.185738422578188,-0.15,-0.37));
#5776=CARTESIAN_POINT('',(-0.185738422578188,-0.15,-0.37));
#5777=CARTESIAN_POINT('',(-0.185738422578188,-0.475,-0.37));
#5778=CARTESIAN_POINT('',(-0.185738422578188,-0.475,-0.37));
#5779=CARTESIAN_POINT('',(-0.335738422578188,-0.15,-0.37));
#5780=CARTESIAN_POINT('',(-0.335738422578188,-0.15,-0.37));
#5781=CARTESIAN_POINT('',(-0.185738422578188,-0.15,-0.37));
#5782=CARTESIAN_POINT('',(-0.185738422578188,-0.15,-0.37));
#5783=CARTESIAN_POINT('',(-0.335738422578188,-0.15,-0.37));
#5784=CARTESIAN_POINT('',(-0.335738422578188,-0.15,-0.37));
#5785=CARTESIAN_POINT('',(0.814261577421812,2.025,-0.37));
#5786=CARTESIAN_POINT('',(-2.60573842257819,2.3,-0.37));
#5787=CARTESIAN_POINT('',(-2.60573842257819,2.3,-0.37));
#5788=CARTESIAN_POINT('',(-2.60573842257819,2.3,-0.37));
#5789=CARTESIAN_POINT('',(0.814261577421812,2.3,-0.37));
#5790=CARTESIAN_POINT('',(0.814261577421812,2.3,-0.37));
#5791=CARTESIAN_POINT('',(-2.60573842257819,2.3,-0.37));
#5792=CARTESIAN_POINT('',(0.814261577421812,2.3,-0.37));
#5793=CARTESIAN_POINT('',(0.814261577421812,4.1,-0.37));
#5794=CARTESIAN_POINT('',(0.814261577421812,4.1,-0.37));
#5795=CARTESIAN_POINT('',(0.814261577421812,2.3,-0.37));
#5796=CARTESIAN_POINT('',(0.814261577421812,4.1,-0.37));
#5797=CARTESIAN_POINT('',(0.164261577421812,4.1,-0.37));
#5798=CARTESIAN_POINT('',(0.164261577421812,4.1,-0.37));
#5799=CARTESIAN_POINT('',(0.814261577421812,4.1,-0.37));
#5800=CARTESIAN_POINT('',(0.164261577421812,4.1,-0.37));
#5801=CARTESIAN_POINT('',(0.164261577421812,4.2,-0.37));
#5802=CARTESIAN_POINT('',(0.164261577421812,4.2,-0.37));
#5803=CARTESIAN_POINT('',(0.164261577421812,4.1,-0.37));
#5804=CARTESIAN_POINT('',(0.164261577421812,4.2,-0.37));
#5805=CARTESIAN_POINT('',(0.014261577421812,4.2,-0.37));
#5806=CARTESIAN_POINT('',(0.014261577421812,4.2,-0.37));
#5807=CARTESIAN_POINT('',(0.164261577421812,4.2,-0.37));
#5808=CARTESIAN_POINT('',(0.014261577421812,4.2,-0.37));
#5809=CARTESIAN_POINT('',(0.014261577421812,4.2,-0.37));
#5810=CARTESIAN_POINT('',(-0.185738422578188,4.525,-0.37));
#5811=CARTESIAN_POINT('',(-0.185738422578188,4.2,-0.37));
#5812=CARTESIAN_POINT('',(-0.185738422578188,4.2,-0.37));
#5813=CARTESIAN_POINT('',(-0.185738422578188,4.525,-0.37));
#5814=CARTESIAN_POINT('',(-0.185738422578188,4.2,-0.37));
#5815=CARTESIAN_POINT('',(-0.335738422578188,4.2,-0.37));
#5816=CARTESIAN_POINT('',(-0.335738422578188,4.2,-0.37));
#5817=CARTESIAN_POINT('',(-0.185738422578188,4.2,-0.37));
#5818=CARTESIAN_POINT('',(-0.335738422578188,4.2,-0.37));
#5819=CARTESIAN_POINT('',(-0.335738422578188,4.1,-0.37));
#5820=CARTESIAN_POINT('',(-0.335738422578188,4.1,-0.37));
#5821=CARTESIAN_POINT('',(-0.335738422578188,4.2,-0.37));
#5822=CARTESIAN_POINT('',(-0.335738422578188,4.1,-0.37));
#5823=CARTESIAN_POINT('',(-2.83573842257819,4.1,-0.37));
#5824=CARTESIAN_POINT('',(-2.83573842257819,4.1,-0.37));
#5825=CARTESIAN_POINT('',(-0.335738422578188,4.1,-0.37));
#5826=CARTESIAN_POINT('',(-2.83573842257819,4.1,-0.37));
#5827=CARTESIAN_POINT('',(-2.83573842257819,4.04,-0.37));
#5828=CARTESIAN_POINT('',(-2.83573842257819,4.04,-0.37));
#5829=CARTESIAN_POINT('',(-2.83573842257819,4.1,-0.37));
#5830=CARTESIAN_POINT('',(-2.83573842257819,4.04,-0.37));
#5831=CARTESIAN_POINT('',(-2.83573842257819,4.04,-0.37));
#5832=CARTESIAN_POINT('',(-3.13573842257819,3.74,-0.37));
#5833=CARTESIAN_POINT('',(-2.83573842257819,3.74,-0.37));
#5834=CARTESIAN_POINT('',(-2.83573842257819,3.74,-0.37));
#5835=CARTESIAN_POINT('',(-3.13573842257819,3.74,-0.37));
#5836=CARTESIAN_POINT('',(-2.83573842257819,3.74,-0.37));
#5837=CARTESIAN_POINT('',(-2.83573842257819,3.68,-0.37));
#5838=CARTESIAN_POINT('',(-2.83573842257819,3.68,-0.37));
#5839=CARTESIAN_POINT('',(-2.83573842257819,3.74,-0.37));
#5840=CARTESIAN_POINT('',(-2.83573842257819,3.68,-0.37));
#5841=CARTESIAN_POINT('',(-2.60573842257819,3.68,-0.37));
#5842=CARTESIAN_POINT('',(-2.60573842257819,3.68,-0.37));
#5843=CARTESIAN_POINT('',(-2.83573842257819,3.68,-0.37));
#5844=CARTESIAN_POINT('',(-2.60573842257819,3.68,-0.37));
#5845=CARTESIAN_POINT('',(-2.60573842257819,2.87,-0.37));
#5846=CARTESIAN_POINT('',(-2.60573842257819,2.87,-0.37));
#5847=CARTESIAN_POINT('',(-2.60573842257819,3.68,-0.37));
#5848=CARTESIAN_POINT('',(-2.60573842257819,2.87,-0.37));
#5849=CARTESIAN_POINT('',(-2.83573842257819,2.87,-0.37));
#5850=CARTESIAN_POINT('',(-2.83573842257819,2.87,-0.37));
#5851=CARTESIAN_POINT('',(-2.60573842257819,2.87,-0.37));
#5852=CARTESIAN_POINT('',(-2.83573842257819,2.87,-0.37));
#5853=CARTESIAN_POINT('',(-2.83573842257819,2.81,-0.37));
#5854=CARTESIAN_POINT('',(-2.83573842257819,2.81,-0.37));
#5855=CARTESIAN_POINT('',(-2.83573842257819,2.87,-0.37));
#5856=CARTESIAN_POINT('',(-2.83573842257819,2.81,-0.37));
#5857=CARTESIAN_POINT('',(-2.83573842257819,2.81,-0.37));
#5858=CARTESIAN_POINT('',(-3.13573842257819,2.51,-0.37));
#5859=CARTESIAN_POINT('',(-2.83573842257819,2.51,-0.37));
#5860=CARTESIAN_POINT('',(-2.83573842257819,2.51,-0.37));
#5861=CARTESIAN_POINT('',(-3.13573842257819,2.51,-0.37));
#5862=CARTESIAN_POINT('',(-2.83573842257819,2.51,-0.37));
#5863=CARTESIAN_POINT('',(-2.83573842257819,2.45,-0.37));
#5864=CARTESIAN_POINT('',(-2.83573842257819,2.45,-0.37));
#5865=CARTESIAN_POINT('',(-2.83573842257819,2.51,-0.37));
#5866=CARTESIAN_POINT('',(-2.83573842257819,2.45,-0.37));
#5867=CARTESIAN_POINT('',(-2.60573842257819,2.45,-0.37));
#5868=CARTESIAN_POINT('',(-2.60573842257819,2.45,-0.37));
#5869=CARTESIAN_POINT('',(-2.83573842257819,2.45,-0.37));
#5870=CARTESIAN_POINT('',(-2.60573842257819,2.45,-0.37));
#5871=CARTESIAN_POINT('',(-2.60573842257819,2.45,-0.37));
#5872=CARTESIAN_POINT('',(0.814261577421812,2.025,-0.37));
#5873=CARTESIAN_POINT('',(2.61426157742181,3.78,-0.37));
#5874=CARTESIAN_POINT('',(2.61426157742181,3.78,-0.37));
#5875=CARTESIAN_POINT('',(2.61426157742181,3.78,-0.37));
#5876=CARTESIAN_POINT('',(2.61426157742181,3.72,-0.37));
#5877=CARTESIAN_POINT('',(2.64926157742181,3.72,-0.37));
#5878=CARTESIAN_POINT('',(2.38426157742181,3.72,-0.37));
#5879=CARTESIAN_POINT('',(2.38426157742181,3.93,-0.37));
#5880=CARTESIAN_POINT('',(2.38426157742181,4.14,-0.37));
#5881=CARTESIAN_POINT('',(2.64926157742181,4.14,-0.37));
#5882=CARTESIAN_POINT('',(2.61426157742181,4.14,-0.37));
#5883=CARTESIAN_POINT('',(2.61426157742181,4.14,-0.37));
#5884=CARTESIAN_POINT('',(2.61426157742181,4.08,-0.37));
#5885=CARTESIAN_POINT('',(2.61426157742181,4.08,-0.37));
#5886=CARTESIAN_POINT('',(2.64926157742181,3.93,-0.37));
#5887=CARTESIAN_POINT('',(2.38426157742181,3.72,-0.59));
#5888=CARTESIAN_POINT('',(2.61426157742181,3.72,-0.59));
#5889=CARTESIAN_POINT('',(2.64926157742181,3.72,-0.59));
#5890=CARTESIAN_POINT('',(2.38426157742181,4.14,-0.59));
#5891=CARTESIAN_POINT('',(2.38426157742181,3.93,-0.59));
#5892=CARTESIAN_POINT('',(2.61426157742181,4.14,-0.59));
#5893=CARTESIAN_POINT('',(2.64926157742181,4.14,-0.59));
#5894=CARTESIAN_POINT('',(2.61426157742181,3.78,-0.59));
#5895=CARTESIAN_POINT('',(2.61426157742181,3.78,-0.37));
#5896=CARTESIAN_POINT('',(2.91426157742181,3.78,-0.37));
#5897=CARTESIAN_POINT('',(2.61426157742181,4.08,-0.59));
#5898=CARTESIAN_POINT('',(2.61426157742181,4.14,-0.37));
#5899=CARTESIAN_POINT('',(2.61426157742181,4.08,-0.37));
#5900=CARTESIAN_POINT('',(2.61426157742181,2.51,-0.37));
#5901=CARTESIAN_POINT('',(2.61426157742181,2.51,-0.37));
#5902=CARTESIAN_POINT('',(2.61426157742181,2.51,-0.37));
#5903=CARTESIAN_POINT('',(2.61426157742181,2.45,-0.37));
#5904=CARTESIAN_POINT('',(2.64926157742181,2.45,-0.37));
#5905=CARTESIAN_POINT('',(2.38426157742181,2.45,-0.37));
#5906=CARTESIAN_POINT('',(2.38426157742181,2.66,-0.37));
#5907=CARTESIAN_POINT('',(2.38426157742181,2.87,-0.37));
#5908=CARTESIAN_POINT('',(2.64926157742181,2.87,-0.37));
#5909=CARTESIAN_POINT('',(2.61426157742181,2.87,-0.37));
#5910=CARTESIAN_POINT('',(2.61426157742181,2.87,-0.37));
#5911=CARTESIAN_POINT('',(2.61426157742181,2.81,-0.37));
#5912=CARTESIAN_POINT('',(2.61426157742181,2.81,-0.37));
#5913=CARTESIAN_POINT('',(2.64926157742181,2.66,-0.37));
#5914=CARTESIAN_POINT('',(2.38426157742181,2.45,-0.59));
#5915=CARTESIAN_POINT('',(2.61426157742181,2.45,-0.59));
#5916=CARTESIAN_POINT('',(2.64926157742181,2.45,-0.59));
#5917=CARTESIAN_POINT('',(2.38426157742181,2.87,-0.59));
#5918=CARTESIAN_POINT('',(2.38426157742181,2.66,-0.59));
#5919=CARTESIAN_POINT('',(2.61426157742181,2.87,-0.59));
#5920=CARTESIAN_POINT('',(2.64926157742181,2.87,-0.59));
#5921=CARTESIAN_POINT('',(2.61426157742181,2.51,-0.59));
#5922=CARTESIAN_POINT('',(2.61426157742181,2.51,-0.37));
#5923=CARTESIAN_POINT('',(2.91426157742181,2.51,-0.37));
#5924=CARTESIAN_POINT('',(2.61426157742181,2.81,-0.59));
#5925=CARTESIAN_POINT('',(2.61426157742181,2.87,-0.37));
#5926=CARTESIAN_POINT('',(2.61426157742181,2.81,-0.37));
#5927=CARTESIAN_POINT('',(2.61426157742181,1.24,-0.37));
#5928=CARTESIAN_POINT('',(2.61426157742181,1.24,-0.37));
#5929=CARTESIAN_POINT('',(2.61426157742181,1.24,-0.37));
#5930=CARTESIAN_POINT('',(2.61426157742181,1.18,-0.37));
#5931=CARTESIAN_POINT('',(2.64926157742181,1.18,-0.37));
#5932=CARTESIAN_POINT('',(2.38426157742181,1.18,-0.37));
#5933=CARTESIAN_POINT('',(2.38426157742181,1.39,-0.37));
#5934=CARTESIAN_POINT('',(2.38426157742181,1.6,-0.37));
#5935=CARTESIAN_POINT('',(2.64926157742181,1.6,-0.37));
#5936=CARTESIAN_POINT('',(2.61426157742181,1.6,-0.37));
#5937=CARTESIAN_POINT('',(2.61426157742181,1.6,-0.37));
#5938=CARTESIAN_POINT('',(2.61426157742181,1.54,-0.37));
#5939=CARTESIAN_POINT('',(2.61426157742181,1.54,-0.37));
#5940=CARTESIAN_POINT('',(2.64926157742181,1.39,-0.37));
#5941=CARTESIAN_POINT('',(2.38426157742181,1.18,-0.59));
#5942=CARTESIAN_POINT('',(2.61426157742181,1.18,-0.59));
#5943=CARTESIAN_POINT('',(2.64926157742181,1.18,-0.59));
#5944=CARTESIAN_POINT('',(2.38426157742181,1.6,-0.59));
#5945=CARTESIAN_POINT('',(2.38426157742181,1.39,-0.59));
#5946=CARTESIAN_POINT('',(2.61426157742181,1.6,-0.59));
#5947=CARTESIAN_POINT('',(2.64926157742181,1.6,-0.59));
#5948=CARTESIAN_POINT('',(2.61426157742181,1.24,-0.59));
#5949=CARTESIAN_POINT('',(2.61426157742181,1.24,-0.37));
#5950=CARTESIAN_POINT('',(2.91426157742181,1.24,-0.37));
#5951=CARTESIAN_POINT('',(2.61426157742181,1.54,-0.59));
#5952=CARTESIAN_POINT('',(2.61426157742181,1.6,-0.37));
#5953=CARTESIAN_POINT('',(2.61426157742181,1.54,-0.37));
#5954=CARTESIAN_POINT('',(2.61426157742181,-0.0300000000000017,-0.37));
#5955=CARTESIAN_POINT('',(2.61426157742181,-0.0300000000000017,-0.37));
#5956=CARTESIAN_POINT('',(2.61426157742181,-0.0300000000000017,-0.37));
#5957=CARTESIAN_POINT('',(2.61426157742181,-0.0900000000000017,-0.37));
#5958=CARTESIAN_POINT('',(2.64926157742181,-0.0900000000000017,-0.37));
#5959=CARTESIAN_POINT('',(2.38426157742181,-0.0900000000000017,-0.37));
#5960=CARTESIAN_POINT('',(2.38426157742181,0.119999999999998,-0.37));
#5961=CARTESIAN_POINT('',(2.38426157742181,0.33,-0.37));
#5962=CARTESIAN_POINT('',(2.64926157742181,0.33,-0.37));
#5963=CARTESIAN_POINT('',(2.61426157742181,0.33,-0.37));
#5964=CARTESIAN_POINT('',(2.61426157742181,0.33,-0.37));
#5965=CARTESIAN_POINT('',(2.61426157742181,0.27,-0.37));
#5966=CARTESIAN_POINT('',(2.61426157742181,0.27,-0.37));
#5967=CARTESIAN_POINT('',(2.64926157742181,0.119999999999998,-0.37));
#5968=CARTESIAN_POINT('',(2.38426157742181,-0.0900000000000017,-0.59));
#5969=CARTESIAN_POINT('',(2.61426157742181,-0.0900000000000017,-0.59));
#5970=CARTESIAN_POINT('',(2.64926157742181,-0.0900000000000017,-0.59));
#5971=CARTESIAN_POINT('',(2.38426157742181,0.33,-0.59));
#5972=CARTESIAN_POINT('',(2.38426157742181,0.119999999999998,-0.59));
#5973=CARTESIAN_POINT('',(2.61426157742181,0.33,-0.59));
#5974=CARTESIAN_POINT('',(2.64926157742181,0.33,-0.59));
#5975=CARTESIAN_POINT('',(2.61426157742181,-0.0300000000000017,-0.59));
#5976=CARTESIAN_POINT('',(2.61426157742181,-0.0300000000000017,-0.37));
#5977=CARTESIAN_POINT('',(2.91426157742181,-0.0300000000000017,-0.37));
#5978=CARTESIAN_POINT('',(2.61426157742181,0.27,-0.59));
#5979=CARTESIAN_POINT('',(2.61426157742181,0.33,-0.37));
#5980=CARTESIAN_POINT('',(2.61426157742181,0.27,-0.37));
#5981=MECHANICAL_DESIGN_GEOMETRIC_PRESENTATION_REPRESENTATION('',(#32,#33,
#34,#35,#36,#37,#38),#5982);
#5982=(
GEOMETRIC_REPRESENTATION_CONTEXT(3)
GLOBAL_UNCERTAINTY_ASSIGNED_CONTEXT((#5983))
GLOBAL_UNIT_ASSIGNED_CONTEXT((#5989,#5985,#5984))
REPRESENTATION_CONTEXT('P260_PowerQFN5x6dual','TOP_LEVEL_ASSEMBLY_PART')
);
#5983=UNCERTAINTY_MEASURE_WITH_UNIT(LENGTH_MEASURE(2.E-005),#5989,
'DISTANCE_ACCURACY_VALUE','Maximum Tolerance applied to model');
#5984=(
NAMED_UNIT(*)
SI_UNIT($,.STERADIAN.)
SOLID_ANGLE_UNIT()
);
#5985=(
CONVERSION_BASED_UNIT('DEGREE',#5987)
NAMED_UNIT(#5986)
PLANE_ANGLE_UNIT()
);
#5986=DIMENSIONAL_EXPONENTS(0.,0.,0.,0.,0.,0.,0.);
#5987=PLANE_ANGLE_MEASURE_WITH_UNIT(PLANE_ANGLE_MEASURE(0.0174532925),#5988);
#5988=(
NAMED_UNIT(*)
PLANE_ANGLE_UNIT()
SI_UNIT($,.RADIAN.)
);
#5989=(
LENGTH_UNIT()
NAMED_UNIT(*)
SI_UNIT(.MILLI.,.METRE.)
);
ENDSEC;
END-ISO-10303-21;
